transaction_id,transaction_date,transaction_type,account_id,amount,currency
ET-191,10-07-2023,Penjualan,EA-129,2100000,IDR
ET-1595,29-04-2024,Pembelian,EA-119,1619000,IDR
ET-1603,07-05-2024,Penjualan,EA-141,8000000,IDR
ET-1555,20-03-2024,Pembelian,EA-123,1062000,IDR
ET-242,30-08-2023,Penjualan,EA-119,383000,IDR
ET-1376,23-09-2023,Penjualan,EA-185,215000,IDR
ET-345,11-12-2023,Pembelian,EA-102,3800000,IDR
ET-102,12-04-2023,Pembelian,EA-129,98000,IDR
ET-1327,05-08-2023,Pembelian,EA-109,418000,IDR
ET-279,06-10-2023,Pembelian,EA-116,2900000,IDR
ET-1525,19-02-2024,Gaji,EA-117,4700000,IDR
ET-39,08-02-2023,Penjualan,EA-129,6300000,IDR
ET-84,25-03-2023,Pembelian,EA-193,1513000,IDR
ET-212,31-07-2023,Penjualan,EA-164,670000,IDR
ET-1501,26-01-2024,Penjualan,EA-117,1819000,IDR
ET-1188,19-03-2023,Penjualan,EA-105,2700000,IDR
ET-233,21-08-2023,Pembelian,EA-129,6700000,IDR
ET-1310,19-07-2023,Gaji,EA-193,323000,IDR
ET-1196,27-03-2023,Pembelian,EA-103,8000000,IDR
ET-179,28-06-2023,Pembelian,EA-181,1950000,IDR
ET-1461,17-12-2023,Penjualan,EA-145,138000,IDR
ET-1254,24-05-2023,Gaji,EA-129,4300000,IDR
ET-52,21-02-2023,Pembelian,EA-166,1764000,IDR
ET-1473,29-12-2023,Gaji,EA-117,6400000,IDR
ET-282,09-10-2023,Pembelian,EA-180,57000,IDR
ET-243,31-08-2023,Pembelian,EA-116,2500000,IDR
ET-1400,17-10-2023,Gaji,EA-197,1099000,IDR
ET-90,31-03-2023,Penjualan,EA-164,1704000,IDR
ET-73,14-03-2023,Gaji,EA-148,229000,IDR
ET-127,07-05-2023,Penjualan,EA-181,66000,IDR
ET-204,23-07-2023,Penjualan,EA-176,8800000,IDR
ET-302,29-10-2023,Penjualan,EA-194,540000,IDR
ET-1282,21-06-2023,Gaji,EA-161,1003000,IDR
ET-68,09-03-2023,Penjualan,EA-142,555000,IDR
ET-1510,04-02-2024,Gaji,EA-186,365000,IDR
ET-1569,03-04-2024,Pembelian,EA-147,869000,IDR
ET-1137,27-01-2023,Pembelian,EA-112,87000,IDR
ET-221,09-08-2023,Pembelian,EA-165,1795000,IDR
ET-314,10-11-2023,Penjualan,EA-199,1147000,IDR
ET-1456,12-12-2023,Pembelian,EA-168,1153000,IDR
ET-1467,23-12-2023,Penjualan,EA-105,3300000,IDR
ET-1284,23-06-2023,Pembelian,EA-102,1916000,IDR
ET-256,13-09-2023,Pembelian,EA-137,1345000,IDR
ET-10,10-01-2023,Penjualan,EA-196,851000,IDR
ET-133,13-05-2023,Gaji,EA-112,1871000,IDR
ET-1305,14-07-2023,Pembelian,EA-112,3700000,IDR
ET-312,08-11-2023,Penjualan,EA-199,7400000,IDR
ET-327,23-11-2023,Penjualan,EA-196,539000,IDR
ET-308,04-11-2023,Penjualan,EA-168,265000,IDR
ET-1523,17-02-2024,Pembelian,EA-106,1400000,IDR
ET-46,15-02-2023,Penjualan,EA-149,9700000,IDR
ET-227,15-08-2023,Pembelian,EA-171,192000,IDR
ET-1381,28-09-2023,Penjualan,EA-189,1885000,IDR
ET-122,02-05-2023,Gaji,EA-129,1351000,IDR
ET-1149,08-02-2023,Penjualan,EA-147,1677000,IDR
ET-152,01-06-2023,Gaji,EA-180,3200000,IDR
ET-203,22-07-2023,Gaji,EA-119,1756000,IDR
ET-60,01-03-2023,Pembelian,EA-179,6100000,IDR
ET-146,26-05-2023,Pembelian,EA-150,9800000,IDR
ET-1552,17-03-2024,Pembelian,EA-139,1995000,IDR
ET-1354,01-09-2023,Penjualan,EA-144,791000,IDR
ET-1252,22-05-2023,Gaji,EA-135,9200000,IDR
ET-1125,15-01-2023,Pembelian,EA-144,1598000,IDR
ET-223,11-08-2023,Penjualan,EA-183,2400000,IDR
ET-1172,03-03-2023,Pembelian,EA-184,6300000,IDR
ET-356,22-12-2023,Pembelian,EA-133,3500000,IDR
ET-1608,12-05-2024,Pembelian,EA-176,4900000,IDR
ET-1313,22-07-2023,Gaji,EA-156,769000,IDR
ET-301,28-10-2023,Pembelian,EA-187,2400000,IDR
ET-1411,28-10-2023,Gaji,EA-164,754000,IDR
ET-207,26-07-2023,Gaji,EA-185,207000,IDR
ET-1521,15-02-2024,Penjualan,EA-163,8500000,IDR
ET-1115,05-01-2023,Gaji,EA-182,29000,IDR
ET-1405,22-10-2023,Penjualan,EA-186,480000,IDR
ET-349,15-12-2023,Gaji,EA-195,740000,IDR
ET-168,17-06-2023,Penjualan,EA-199,577000,IDR
ET-235,23-08-2023,Pembelian,EA-160,934000,IDR
ET-1258,28-05-2023,Penjualan,EA-103,1146000,IDR
ET-1276,15-06-2023,Pembelian,EA-179,803000,IDR
ET-1359,06-09-2023,Gaji,EA-106,667000,IDR
ET-1307,16-07-2023,Pembelian,EA-174,9400000,IDR
ET-262,19-09-2023,Penjualan,EA-137,9100000,IDR
ET-1135,25-01-2023,Gaji,EA-170,1872000,IDR
ET-267,24-09-2023,Gaji,EA-188,4400000,IDR
ET-167,16-06-2023,Penjualan,EA-136,552000,IDR
ET-63,04-03-2023,Gaji,EA-140,918000,IDR
ET-1318,27-07-2023,Penjualan,EA-173,5700000,IDR
ET-1382,29-09-2023,Penjualan,EA-142,920000,IDR
ET-96,06-04-2023,Penjualan,EA-115,1822000,IDR
ET-1503,28-01-2024,Pembelian,EA-198,5300000,IDR
ET-1440,26-11-2023,Penjualan,EA-157,1204000,IDR
ET-305,01-11-2023,Gaji,EA-198,33000,IDR
ET-1273,12-06-2023,Penjualan,EA-130,131000,IDR
ET-332,28-11-2023,Gaji,EA-180,379000,IDR
ET-1251,21-05-2023,Pembelian,EA-115,9000000,IDR
ET-1274,13-06-2023,Penjualan,EA-115,89000,IDR
ET-1122,12-01-2023,Penjualan,EA-116,5000000,IDR
ET-1583,17-04-2024,Pembelian,EA-120,1360000,IDR
ET-45,14-02-2023,Penjualan,EA-149,2000000,IDR
ET-1430,16-11-2023,Pembelian,EA-159,1135000,IDR
ET-1373,20-09-2023,Gaji,EA-155,482000,IDR
ET-1445,01-12-2023,Penjualan,EA-177,8000000,IDR
ET-1584,18-04-2024,Pembelian,EA-190,1708000,IDR
ET-1471,27-12-2023,Pembelian,EA-175,1650000,IDR
ET-1492,17-01-2024,Gaji,EA-112,5800000,IDR
ET-281,08-10-2023,Penjualan,EA-190,655000,IDR
ET-1417,03-11-2023,Pembelian,EA-115,702000,IDR
ET-1326,04-08-2023,Pembelian,EA-128,6400000,IDR
ET-159,08-06-2023,Penjualan,EA-149,373000,IDR
ET-1572,06-04-2024,Gaji,EA-147,286000,IDR
ET-1160,19-02-2023,Penjualan,EA-151,388000,IDR
ET-1418,04-11-2023,Gaji,EA-124,484000,IDR
ET-1511,05-02-2024,Gaji,EA-132,1500000,IDR
ET-1346,24-08-2023,Pembelian,EA-148,7100000,IDR
ET-1533,27-02-2024,Pembelian,EA-196,1300000,IDR
ET-64,05-03-2023,Gaji,EA-138,1175000,IDR
ET-1338,16-08-2023,Penjualan,EA-138,824000,IDR
ET-1151,10-02-2023,Penjualan,EA-192,5600000,IDR
ET-1233,03-05-2023,Pembelian,EA-155,9300000,IDR
ET-1542,07-03-2024,Pembelian,EA-176,3500000,IDR
ET-180,29-06-2023,Penjualan,EA-167,320000,IDR
ET-273,30-09-2023,Pembelian,EA-118,3200000,IDR
ET-1259,29-05-2023,Penjualan,EA-189,807000,IDR
ET-1588,22-04-2024,Penjualan,EA-179,1523000,IDR
ET-361,27-12-2023,Penjualan,EA-171,1711000,IDR
ET-363,29-12-2023,Gaji,EA-135,1409000,IDR
ET-1170,01-03-2023,Pembelian,EA-161,738000,IDR
ET-1162,21-02-2023,Penjualan,EA-168,8400000,IDR
ET-1437,23-11-2023,Pembelian,EA-187,7000000,IDR
ET-1553,18-03-2024,Penjualan,EA-156,1897000,IDR
ET-26,26-01-2023,Gaji,EA-118,1339000,IDR
ET-176,25-06-2023,Gaji,EA-129,1000000,IDR
ET-252,09-09-2023,Gaji,EA-144,337000,IDR
ET-94,04-04-2023,Pembelian,EA-194,578000,IDR
ET-1356,03-09-2023,Penjualan,EA-156,9300000,IDR
ET-1316,25-07-2023,Pembelian,EA-132,1479000,IDR
ET-1514,08-02-2024,Penjualan,EA-134,1986000,IDR
ET-284,11-10-2023,Gaji,EA-196,1099000,IDR
ET-1295,04-07-2023,Gaji,EA-196,76000,IDR
ET-1575,09-04-2024,Pembelian,EA-199,8000000,IDR
ET-2,02-01-2023,Pembelian,EA-170,3200000,IDR
ET-1321,30-07-2023,Pembelian,EA-105,9200000,IDR
ET-1350,28-08-2023,Pembelian,EA-158,823000,IDR
ET-136,16-05-2023,Penjualan,EA-175,1680000,IDR
ET-1375,22-09-2023,Gaji,EA-172,1113000,IDR
ET-1557,22-03-2024,Gaji,EA-176,5800000,IDR
ET-24,24-01-2023,Penjualan,EA-176,8700000,IDR
ET-1476,01-01-2024,Gaji,EA-162,3800000,IDR
ET-1190,21-03-2023,Gaji,EA-163,1669000,IDR
ET-1556,21-03-2024,Penjualan,EA-122,6800000,IDR
ET-1508,02-02-2024,Gaji,EA-164,198000,IDR
ET-303,30-10-2023,Pembelian,EA-105,4700000,IDR
ET-360,26-12-2023,Gaji,EA-115,1319000,IDR
ET-234,22-08-2023,Gaji,EA-153,1497000,IDR
ET-246,03-09-2023,Penjualan,EA-199,909000,IDR
ET-1462,18-12-2023,Penjualan,EA-180,1182000,IDR
ET-1539,04-03-2024,Penjualan,EA-197,9800000,IDR
ET-1349,27-08-2023,Pembelian,EA-144,6900000,IDR
ET-1374,21-09-2023,Pembelian,EA-161,6300000,IDR
ET-1567,01-04-2024,Penjualan,EA-105,1498000,IDR
ET-113,23-04-2023,Gaji,EA-137,4700000,IDR
ET-1393,10-10-2023,Penjualan,EA-130,182000,IDR
ET-1491,16-01-2024,Penjualan,EA-113,923000,IDR
ET-1183,14-03-2023,Gaji,EA-137,1745000,IDR
ET-1174,05-03-2023,Penjualan,EA-114,1234000,IDR
ET-56,25-02-2023,Gaji,EA-138,340000,IDR
ET-15,15-01-2023,Gaji,EA-115,1401000,IDR
ET-3,03-01-2023,Penjualan,EA-121,29000,IDR
ET-177,26-06-2023,Pembelian,EA-151,3300000,IDR
ET-268,25-09-2023,Gaji,EA-115,1991000,IDR
ET-1129,19-01-2023,Penjualan,EA-146,1182000,IDR
ET-1472,28-12-2023,Gaji,EA-145,4100000,IDR
ET-1415,01-11-2023,Gaji,EA-143,1260000,IDR
ET-271,28-09-2023,Pembelian,EA-177,1600000,IDR
ET-1439,25-11-2023,Pembelian,EA-166,926000,IDR
ET-1404,21-10-2023,Penjualan,EA-154,773000,IDR
ET-1428,14-11-2023,Penjualan,EA-196,1900000,IDR
ET-192,11-07-2023,Gaji,EA-129,470000,IDR
ET-1163,22-02-2023,Penjualan,EA-143,647000,IDR
ET-1203,03-04-2023,Pembelian,EA-179,1830000,IDR
ET-1344,22-08-2023,Penjualan,EA-197,1264000,IDR
ET-1142,01-02-2023,Penjualan,EA-182,1381000,IDR
ET-194,13-07-2023,Pembelian,EA-158,1516000,IDR
ET-1136,26-01-2023,Pembelian,EA-135,443000,IDR
ET-1333,11-08-2023,Pembelian,EA-118,1776000,IDR
ET-160,09-06-2023,Pembelian,EA-157,9400000,IDR
ET-131,11-05-2023,Gaji,EA-159,846000,IDR
ET-344,10-12-2023,Penjualan,EA-124,1410000,IDR
ET-1345,23-08-2023,Pembelian,EA-190,1736000,IDR
ET-1328,06-08-2023,Gaji,EA-161,934000,IDR
ET-6,06-01-2023,Gaji,EA-180,1745000,IDR
ET-149,29-05-2023,Penjualan,EA-157,1412000,IDR
ET-359,25-12-2023,Pembelian,EA-119,1575000,IDR
ET-1453,09-12-2023,Gaji,EA-148,1364000,IDR
ET-142,22-05-2023,Pembelian,EA-177,1584000,IDR
ET-297,24-10-2023,Pembelian,EA-187,8600000,IDR
ET-338,04-12-2023,Gaji,EA-164,9000000,IDR
ET-1314,23-07-2023,Pembelian,EA-150,4700000,IDR
ET-1499,24-01-2024,Pembelian,EA-195,1200000,IDR
ET-245,02-09-2023,Penjualan,EA-112,74000,IDR
ET-1446,02-12-2023,Gaji,EA-148,3600000,IDR
ET-1111,01-01-2023,Penjualan,EA-192,900000,IDR
ET-231,19-08-2023,Gaji,EA-115,374000,IDR
ET-329,25-11-2023,Penjualan,EA-119,1785000,IDR
ET-70,11-03-2023,Gaji,EA-199,678000,IDR
ET-1330,08-08-2023,Gaji,EA-195,39000,IDR
ET-1518,12-02-2024,Penjualan,EA-130,112000,IDR
ET-365,31-12-2023,Pembelian,EA-148,1276000,IDR
ET-1548,13-03-2024,Gaji,EA-160,1577000,IDR
ET-1231,01-05-2023,Pembelian,EA-101,1236000,IDR
ET-55,24-02-2023,Gaji,EA-120,103000,IDR
ET-1522,16-02-2024,Pembelian,EA-188,857000,IDR
ET-1425,11-11-2023,Gaji,EA-146,9700000,IDR
ET-343,09-12-2023,Penjualan,EA-185,1264000,IDR
ET-1412,29-10-2023,Gaji,EA-179,3100000,IDR
ET-1195,26-03-2023,Gaji,EA-167,320000,IDR
ET-1585,19-04-2024,Gaji,EA-144,372000,IDR
ET-106,16-04-2023,Penjualan,EA-198,2100000,IDR
ET-62,03-03-2023,Gaji,EA-134,8300000,IDR
ET-1235,05-05-2023,Gaji,EA-127,338000,IDR
ET-1391,08-10-2023,Gaji,EA-173,7900000,IDR
ET-1288,27-06-2023,Pembelian,EA-176,352000,IDR
ET-75,16-03-2023,Penjualan,EA-168,335000,IDR
ET-1422,08-11-2023,Penjualan,EA-120,1670000,IDR
ET-1410,27-10-2023,Pembelian,EA-166,1845000,IDR
ET-1181,12-03-2023,Pembelian,EA-133,9200000,IDR
ET-1586,20-04-2024,Gaji,EA-112,1661000,IDR
ET-348,14-12-2023,Pembelian,EA-128,1179000,IDR
ET-1482,07-01-2024,Pembelian,EA-179,1663000,IDR
ET-307,03-11-2023,Gaji,EA-165,757000,IDR
ET-1423,09-11-2023,Gaji,EA-167,184000,IDR
ET-1558,23-03-2024,Penjualan,EA-166,1230000,IDR
ET-134,14-05-2023,Gaji,EA-132,2900000,IDR
ET-1554,19-03-2024,Pembelian,EA-194,7100000,IDR
ET-1239,09-05-2023,Gaji,EA-124,1050000,IDR
ET-1234,04-05-2023,Pembelian,EA-192,9800000,IDR
ET-1266,05-06-2023,Penjualan,EA-160,872000,IDR
ET-1200,31-03-2023,Gaji,EA-141,454000,IDR
ET-286,13-10-2023,Gaji,EA-184,1006000,IDR
ET-48,17-02-2023,Pembelian,EA-157,1283000,IDR
ET-110,20-04-2023,Gaji,EA-106,316000,IDR
ET-1489,14-01-2024,Penjualan,EA-174,1934000,IDR
ET-209,28-07-2023,Pembelian,EA-149,1900000,IDR
ET-1540,05-03-2024,Penjualan,EA-172,4100000,IDR
ET-1545,10-03-2024,Gaji,EA-157,300000,IDR
ET-238,26-08-2023,Pembelian,EA-102,1979000,IDR
ET-1365,12-09-2023,Pembelian,EA-136,3000000,IDR
ET-218,06-08-2023,Penjualan,EA-158,958000,IDR
ET-38,07-02-2023,Gaji,EA-177,8400000,IDR
ET-309,05-11-2023,Gaji,EA-185,5600000,IDR
ET-1536,01-03-2024,Gaji,EA-151,8000000,IDR
ET-265,22-09-2023,Pembelian,EA-107,7500000,IDR
ET-1394,11-10-2023,Pembelian,EA-112,1779000,IDR
ET-260,17-09-2023,Penjualan,EA-151,1630000,IDR
ET-336,02-12-2023,Penjualan,EA-183,317000,IDR
ET-1509,03-02-2024,Penjualan,EA-152,1749000,IDR
ET-228,16-08-2023,Pembelian,EA-153,1845000,IDR
ET-53,22-02-2023,Penjualan,EA-147,1129000,IDR
ET-1332,10-08-2023,Penjualan,EA-165,2900000,IDR
ET-355,21-12-2023,Gaji,EA-169,600000,IDR
ET-222,10-08-2023,Gaji,EA-177,1993000,IDR
ET-1516,10-02-2024,Pembelian,EA-198,1816000,IDR
ET-237,25-08-2023,Pembelian,EA-182,8300000,IDR
ET-57,26-02-2023,Penjualan,EA-164,522000,IDR
ET-1343,21-08-2023,Penjualan,EA-196,9500000,IDR
ET-1201,01-04-2023,Gaji,EA-162,503000,IDR
ET-339,05-12-2023,Penjualan,EA-120,1857000,IDR
ET-1385,02-10-2023,Gaji,EA-138,329000,IDR
ET-1165,24-02-2023,Gaji,EA-105,1827000,IDR
ET-1551,16-03-2024,Pembelian,EA-143,1804000,IDR
ET-1329,07-08-2023,Gaji,EA-194,9700000,IDR
ET-1143,02-02-2023,Gaji,EA-162,734000,IDR
ET-99,09-04-2023,Pembelian,EA-117,82000,IDR
ET-1361,08-09-2023,Pembelian,EA-120,1762000,IDR
ET-1277,16-06-2023,Gaji,EA-139,47000,IDR
ET-181,30-06-2023,Penjualan,EA-129,5900000,IDR
ET-1223,23-04-2023,Pembelian,EA-145,1553000,IDR
ET-1454,10-12-2023,Gaji,EA-197,153000,IDR
ET-23,23-01-2023,Penjualan,EA-188,1117000,IDR
ET-298,25-10-2023,Pembelian,EA-127,1790000,IDR
ET-1546,11-03-2024,Pembelian,EA-176,1800000,IDR
ET-1353,31-08-2023,Gaji,EA-181,5300000,IDR
ET-1187,18-03-2023,Gaji,EA-167,9700000,IDR
ET-91,01-04-2023,Pembelian,EA-117,216000,IDR
ET-1380,27-09-2023,Penjualan,EA-115,807000,IDR
ET-1420,06-11-2023,Gaji,EA-103,1100000,IDR
ET-17,17-01-2023,Pembelian,EA-128,1616000,IDR
ET-263,20-09-2023,Penjualan,EA-135,3300000,IDR
ET-1290,29-06-2023,Pembelian,EA-166,3500000,IDR
ET-1152,11-02-2023,Pembelian,EA-195,1800000,IDR
ET-1225,25-04-2023,Gaji,EA-115,1040000,IDR
ET-1484,09-01-2024,Gaji,EA-158,1018000,IDR
ET-37,06-02-2023,Penjualan,EA-175,500000,IDR
ET-1319,28-07-2023,Pembelian,EA-197,1181000,IDR
ET-1520,14-02-2024,Gaji,EA-169,863000,IDR
ET-330,26-11-2023,Gaji,EA-198,134000,IDR
ET-1250,20-05-2023,Penjualan,EA-140,1962000,IDR
ET-1579,13-04-2024,Penjualan,EA-173,8300000,IDR
ET-322,18-11-2023,Pembelian,EA-171,1297000,IDR
ET-76,17-03-2023,Penjualan,EA-117,646000,IDR
ET-1590,24-04-2024,Penjualan,EA-169,5300000,IDR
ET-269,26-09-2023,Pembelian,EA-110,1101000,IDR
ET-1264,03-06-2023,Penjualan,EA-120,9800000,IDR
ET-1609,13-05-2024,Penjualan,EA-131,1420000,IDR
ET-111,21-04-2023,Pembelian,EA-132,1602000,IDR
ET-1335,13-08-2023,Gaji,EA-167,339000,IDR
ET-341,07-12-2023,Pembelian,EA-198,6300000,IDR
ET-1205,05-04-2023,Pembelian,EA-100,1134000,IDR
ET-318,14-11-2023,Penjualan,EA-199,1052000,IDR
ET-1262,01-06-2023,Pembelian,EA-167,1339000,IDR
ET-1544,09-03-2024,Gaji,EA-193,1622000,IDR
ET-1527,21-02-2024,Gaji,EA-182,1786000,IDR
ET-319,15-11-2023,Penjualan,EA-171,3100000,IDR
ET-1383,30-09-2023,Gaji,EA-133,275000,IDR
ET-214,02-08-2023,Gaji,EA-136,859000,IDR
ET-215,03-08-2023,Pembelian,EA-110,318000,IDR
ET-1537,02-03-2024,Penjualan,EA-118,1338000,IDR
ET-1114,04-01-2023,Gaji,EA-105,4100000,IDR
ET-82,23-03-2023,Gaji,EA-175,776000,IDR
ET-299,26-10-2023,Gaji,EA-177,1228000,IDR
ET-1176,07-03-2023,Pembelian,EA-169,33000,IDR
ET-1220,20-04-2023,Penjualan,EA-142,5800000,IDR
ET-1241,11-05-2023,Penjualan,EA-119,138000,IDR
ET-120,30-04-2023,Gaji,EA-108,719000,IDR
ET-151,31-05-2023,Gaji,EA-136,1100000,IDR
ET-290,17-10-2023,Gaji,EA-183,1131000,IDR
ET-1253,23-05-2023,Pembelian,EA-185,1901000,IDR
ET-1150,09-02-2023,Pembelian,EA-135,1798000,IDR
ET-1378,25-09-2023,Gaji,EA-155,1311000,IDR
ET-254,11-09-2023,Gaji,EA-142,6500000,IDR
ET-1610,14-05-2024,Pembelian,EA-147,1353000,IDR
ET-285,12-10-2023,Pembelian,EA-194,135000,IDR
ET-158,07-06-2023,Penjualan,EA-100,1403000,IDR
ET-88,29-03-2023,Pembelian,EA-173,738000,IDR
ET-163,12-06-2023,Pembelian,EA-197,6800000,IDR
ET-1370,17-09-2023,Penjualan,EA-162,798000,IDR
ET-1395,12-10-2023,Pembelian,EA-162,3400000,IDR
ET-1543,08-03-2024,Gaji,EA-101,1900000,IDR
ET-1331,09-08-2023,Pembelian,EA-157,6300000,IDR
ET-1155,14-02-2023,Gaji,EA-118,9200000,IDR
ET-1302,11-07-2023,Pembelian,EA-103,652000,IDR
ET-1535,29-02-2024,Penjualan,EA-133,1140000,IDR
ET-1154,13-02-2023,Gaji,EA-125,1700000,IDR
ET-1298,07-07-2023,Penjualan,EA-135,9600000,IDR
ET-29,29-01-2023,Penjualan,EA-120,8100000,IDR
ET-1566,31-03-2024,Pembelian,EA-178,1973000,IDR
ET-1593,27-04-2024,Penjualan,EA-138,1037000,IDR
ET-1464,20-12-2023,Penjualan,EA-104,9900000,IDR
ET-1120,10-01-2023,Penjualan,EA-187,98000,IDR
ET-183,02-07-2023,Pembelian,EA-103,7200000,IDR
ET-1283,22-06-2023,Pembelian,EA-190,1178000,IDR
ET-277,04-10-2023,Gaji,EA-132,4100000,IDR
ET-1315,24-07-2023,Gaji,EA-167,1900000,IDR
ET-1193,24-03-2023,Pembelian,EA-117,267000,IDR
ET-1212,12-04-2023,Pembelian,EA-137,345000,IDR
ET-1587,21-04-2024,Penjualan,EA-142,1117000,IDR
ET-1133,23-01-2023,Gaji,EA-177,548000,IDR
ET-1512,06-02-2024,Gaji,EA-180,1945000,IDR
ET-216,04-08-2023,Pembelian,EA-132,9900000,IDR
ET-1270,09-06-2023,Gaji,EA-197,1459000,IDR
ET-1131,21-01-2023,Pembelian,EA-104,7400000,IDR
ET-1534,28-02-2024,Pembelian,EA-160,913000,IDR
ET-1369,16-09-2023,Gaji,EA-120,142000,IDR
ET-1301,10-07-2023,Penjualan,EA-174,3400000,IDR
ET-1389,06-10-2023,Penjualan,EA-186,1115000,IDR
ET-1312,21-07-2023,Gaji,EA-159,1598000,IDR
ET-200,19-07-2023,Pembelian,EA-101,519000,IDR
ET-1435,21-11-2023,Pembelian,EA-163,1610000,IDR
ET-161,10-06-2023,Penjualan,EA-109,3000000,IDR
ET-261,18-09-2023,Penjualan,EA-122,1113000,IDR
ET-34,03-02-2023,Pembelian,EA-144,1062000,IDR
ET-1366,13-09-2023,Gaji,EA-121,123000,IDR
ET-1568,02-04-2024,Pembelian,EA-195,1200000,IDR
ET-251,08-09-2023,Pembelian,EA-181,898000,IDR
ET-1287,26-06-2023,Pembelian,EA-132,4900000,IDR
ET-1571,05-04-2024,Pembelian,EA-100,136000,IDR
ET-350,16-12-2023,Gaji,EA-165,662000,IDR
ET-1173,04-03-2023,Penjualan,EA-150,935000,IDR
ET-1458,14-12-2023,Pembelian,EA-116,517000,IDR
ET-1599,03-05-2024,Pembelian,EA-126,1170000,IDR
ET-36,05-02-2023,Pembelian,EA-187,679000,IDR
ET-1127,17-01-2023,Pembelian,EA-147,602000,IDR
ET-357,23-12-2023,Gaji,EA-102,4400000,IDR
ET-1363,10-09-2023,Gaji,EA-181,1145000,IDR
ET-1561,26-03-2024,Gaji,EA-116,1633000,IDR
ET-278,05-10-2023,Pembelian,EA-139,571000,IDR
ET-1455,11-12-2023,Pembelian,EA-123,272000,IDR
ET-240,28-08-2023,Gaji,EA-117,327000,IDR
ET-364,30-12-2023,Pembelian,EA-197,1117000,IDR
ET-1232,02-05-2023,Pembelian,EA-199,5700000,IDR
ET-58,27-02-2023,Pembelian,EA-106,9100000,IDR
ET-1159,18-02-2023,Pembelian,EA-190,6300000,IDR
ET-80,21-03-2023,Gaji,EA-129,1100000,IDR
ET-1191,22-03-2023,Pembelian,EA-172,696000,IDR
ET-1304,13-07-2023,Penjualan,EA-125,1861000,IDR
ET-1123,13-01-2023,Penjualan,EA-185,10000000,IDR
ET-1140,30-01-2023,Penjualan,EA-156,8400000,IDR
ET-1601,05-05-2024,Penjualan,EA-136,7600000,IDR
ET-1182,13-03-2023,Gaji,EA-148,1380000,IDR
ET-1596,30-04-2024,Pembelian,EA-106,128000,IDR
ET-25,25-01-2023,Pembelian,EA-113,1347000,IDR
ET-258,15-09-2023,Pembelian,EA-127,1054000,IDR
ET-1407,24-10-2023,Pembelian,EA-155,168000,IDR
ET-1336,14-08-2023,Gaji,EA-105,7800000,IDR
ET-323,19-11-2023,Penjualan,EA-125,1109000,IDR
ET-201,20-07-2023,Penjualan,EA-102,841000,IDR
ET-1320,29-07-2023,Penjualan,EA-135,1594000,IDR
ET-1364,11-09-2023,Gaji,EA-171,6000000,IDR
ET-109,19-04-2023,Gaji,EA-190,705000,IDR
ET-1576,10-04-2024,Pembelian,EA-128,8500000,IDR
ET-354,20-12-2023,Pembelian,EA-121,3600000,IDR
ET-173,22-06-2023,Penjualan,EA-144,1950000,IDR
ET-195,14-07-2023,Pembelian,EA-124,1494000,IDR
ET-1347,25-08-2023,Gaji,EA-130,1372000,IDR
ET-1261,31-05-2023,Penjualan,EA-189,1338000,IDR
ET-1495,20-01-2024,Gaji,EA-164,1800000,IDR
ET-334,30-11-2023,Penjualan,EA-167,539000,IDR
ET-224,12-08-2023,Pembelian,EA-147,1150000,IDR
ET-8,08-01-2023,Gaji,EA-101,5300000,IDR
ET-1463,19-12-2023,Gaji,EA-138,1413000,IDR
ET-1481,06-01-2024,Pembelian,EA-104,169000,IDR
ET-1,01-01-2023,Penjualan,EA-180,1363000,IDR
ET-347,13-12-2023,Penjualan,EA-175,3000000,IDR
ET-1474,30-12-2023,Pembelian,EA-169,9900000,IDR
ET-291,18-10-2023,Penjualan,EA-155,3100000,IDR
ET-83,24-03-2023,Pembelian,EA-166,936000,IDR
ET-1360,07-09-2023,Pembelian,EA-192,1300000,IDR
ET-174,23-06-2023,Penjualan,EA-135,9400000,IDR
ET-1342,20-08-2023,Pembelian,EA-195,1071000,IDR
ET-1341,19-08-2023,Pembelian,EA-159,1172000,IDR
ET-130,10-05-2023,Penjualan,EA-172,1053000,IDR
ET-74,15-03-2023,Penjualan,EA-110,6200000,IDR
ET-32,01-02-2023,Gaji,EA-144,4100000,IDR
ET-1598,02-05-2024,Penjualan,EA-109,909000,IDR
ET-1541,06-03-2024,Penjualan,EA-141,864000,IDR
ET-1449,05-12-2023,Pembelian,EA-150,751000,IDR
ET-1291,30-06-2023,Pembelian,EA-160,214000,IDR
ET-1147,06-02-2023,Gaji,EA-115,1518000,IDR
ET-1438,24-11-2023,Penjualan,EA-120,1455000,IDR
ET-1358,05-09-2023,Penjualan,EA-146,1102000,IDR
ET-16,16-01-2023,Penjualan,EA-115,771000,IDR
ET-1139,29-01-2023,Pembelian,EA-195,130000,IDR
ET-1602,06-05-2024,Gaji,EA-131,8800000,IDR
ET-1502,27-01-2024,Gaji,EA-141,623000,IDR
ET-1204,04-04-2023,Penjualan,EA-194,1850000,IDR
ET-165,14-06-2023,Pembelian,EA-112,907000,IDR
ET-1278,17-06-2023,Gaji,EA-126,370000,IDR
ET-40,09-02-2023,Gaji,EA-195,748000,IDR
ET-1436,22-11-2023,Gaji,EA-171,9200000,IDR
ET-1267,06-06-2023,Penjualan,EA-123,5000000,IDR
ET-1308,17-07-2023,Penjualan,EA-157,1842000,IDR
ET-1208,08-04-2023,Penjualan,EA-145,5700000,IDR
ET-351,17-12-2023,Penjualan,EA-180,98000,IDR
ET-93,03-04-2023,Penjualan,EA-121,1554000,IDR
ET-288,15-10-2023,Pembelian,EA-115,820000,IDR
ET-230,18-08-2023,Gaji,EA-109,1402000,IDR
ET-1399,16-10-2023,Penjualan,EA-176,524000,IDR
ET-1607,11-05-2024,Penjualan,EA-191,1863000,IDR
ET-87,28-03-2023,Pembelian,EA-151,1634000,IDR
ET-1448,04-12-2023,Penjualan,EA-158,7000000,IDR
ET-89,30-03-2023,Pembelian,EA-187,1018000,IDR
ET-54,23-02-2023,Pembelian,EA-117,1075000,IDR
ET-1339,17-08-2023,Penjualan,EA-127,548000,IDR
ET-239,27-08-2023,Penjualan,EA-129,9700000,IDR
ET-189,08-07-2023,Pembelian,EA-139,1363000,IDR
ET-1337,15-08-2023,Gaji,EA-181,9300000,IDR
ET-1156,15-02-2023,Gaji,EA-196,94000,IDR
ET-1323,01-08-2023,Gaji,EA-143,717000,IDR
ET-66,07-03-2023,Gaji,EA-134,2200000,IDR
ET-1293,02-07-2023,Penjualan,EA-108,1585000,IDR
ET-306,02-11-2023,Penjualan,EA-128,764000,IDR
ET-1388,05-10-2023,Penjualan,EA-177,1738000,IDR
ET-1432,18-11-2023,Gaji,EA-158,4500000,IDR
ET-20,20-01-2023,Pembelian,EA-188,1191000,IDR
ET-1447,03-12-2023,Gaji,EA-159,5000000,IDR
ET-1197,28-03-2023,Penjualan,EA-169,121000,IDR
ET-352,18-12-2023,Gaji,EA-182,1714000,IDR
ET-1506,31-01-2024,Penjualan,EA-180,1788000,IDR
ET-1217,17-04-2023,Penjualan,EA-181,7200000,IDR
ET-1459,15-12-2023,Penjualan,EA-101,347000,IDR
ET-1498,23-01-2024,Gaji,EA-106,249000,IDR
ET-1300,09-07-2023,Penjualan,EA-153,1987000,IDR
ET-50,19-02-2023,Penjualan,EA-141,6500000,IDR
ET-47,16-02-2023,Pembelian,EA-187,1604000,IDR
ET-184,03-07-2023,Gaji,EA-133,2400000,IDR
ET-337,03-12-2023,Gaji,EA-146,3200000,IDR
ET-135,15-05-2023,Gaji,EA-184,1333000,IDR
ET-1577,11-04-2024,Pembelian,EA-175,1103000,IDR
ET-1279,18-06-2023,Gaji,EA-161,1094000,IDR
ET-19,19-01-2023,Pembelian,EA-127,1706000,IDR
ET-141,21-05-2023,Penjualan,EA-192,1197000,IDR
ET-154,03-06-2023,Penjualan,EA-137,1816000,IDR
ET-1175,06-03-2023,Gaji,EA-155,1900000,IDR
ET-112,22-04-2023,Gaji,EA-181,5000000,IDR
ET-128,08-05-2023,Gaji,EA-192,1014000,IDR
ET-1504,29-01-2024,Pembelian,EA-101,5700000,IDR
ET-1485,10-01-2024,Penjualan,EA-161,9400000,IDR
ET-198,17-07-2023,Penjualan,EA-198,740000,IDR
ET-78,19-03-2023,Penjualan,EA-194,9200000,IDR
ET-1371,18-09-2023,Penjualan,EA-174,1315000,IDR
ET-1158,17-02-2023,Penjualan,EA-199,1999000,IDR
ET-1309,18-07-2023,Gaji,EA-122,1910000,IDR
ET-147,27-05-2023,Penjualan,EA-168,1504000,IDR
ET-118,28-04-2023,Pembelian,EA-186,9000000,IDR
ET-1214,14-04-2023,Penjualan,EA-138,1994000,IDR
ET-140,20-05-2023,Gaji,EA-184,1900000,IDR
ET-1531,25-02-2024,Penjualan,EA-123,1903000,IDR
ET-13,13-01-2023,Pembelian,EA-157,1073000,IDR
ET-143,23-05-2023,Gaji,EA-137,1522000,IDR
ET-72,13-03-2023,Penjualan,EA-127,382000,IDR
ET-1294,03-07-2023,Gaji,EA-184,890000,IDR
ET-1562,27-03-2024,Penjualan,EA-197,20000,IDR
ET-1167,26-02-2023,Penjualan,EA-100,1317000,IDR
ET-59,28-02-2023,Pembelian,EA-122,1001000,IDR
ET-1272,11-06-2023,Gaji,EA-109,2800000,IDR
ET-1517,11-02-2024,Gaji,EA-102,1483000,IDR
ET-125,05-05-2023,Gaji,EA-134,550000,IDR
ET-1507,01-02-2024,Penjualan,EA-112,1230000,IDR
ET-1398,15-10-2023,Penjualan,EA-198,384000,IDR
ET-182,01-07-2023,Penjualan,EA-127,543000,IDR
ET-1478,03-01-2024,Pembelian,EA-125,1146000,IDR
ET-7,07-01-2023,Penjualan,EA-164,441000,IDR
ET-95,05-04-2023,Gaji,EA-126,1461000,IDR
ET-193,12-07-2023,Gaji,EA-161,1347000,IDR
ET-1550,15-03-2024,Penjualan,EA-190,981000,IDR
ET-1441,27-11-2023,Gaji,EA-195,562000,IDR
ET-1574,08-04-2024,Pembelian,EA-182,4400000,IDR
ET-247,04-09-2023,Penjualan,EA-156,8400000,IDR
ET-321,17-11-2023,Gaji,EA-101,6100000,IDR
ET-1396,13-10-2023,Gaji,EA-114,6700000,IDR
ET-1237,07-05-2023,Pembelian,EA-102,705000,IDR
ET-138,18-05-2023,Penjualan,EA-140,1702000,IDR
ET-1128,18-01-2023,Penjualan,EA-126,1640000,IDR
ET-1146,05-02-2023,Pembelian,EA-199,2300000,IDR
ET-283,10-10-2023,Pembelian,EA-146,4600000,IDR
ET-1494,19-01-2024,Pembelian,EA-175,1489000,IDR
ET-196,15-07-2023,Pembelian,EA-116,498000,IDR
ET-1248,18-05-2023,Penjualan,EA-126,4800000,IDR
ET-98,08-04-2023,Penjualan,EA-110,1421000,IDR
ET-1386,03-10-2023,Penjualan,EA-130,1459000,IDR
ET-1119,09-01-2023,Gaji,EA-190,633000,IDR
ET-1202,02-04-2023,Gaji,EA-143,1870000,IDR
ET-1427,13-11-2023,Pembelian,EA-119,1635000,IDR
ET-137,17-05-2023,Penjualan,EA-193,7700000,IDR
ET-117,27-04-2023,Penjualan,EA-159,5700000,IDR
ET-18,18-01-2023,Pembelian,EA-171,1386000,IDR
ET-1451,07-12-2023,Gaji,EA-156,1000000,IDR
ET-1242,12-05-2023,Penjualan,EA-105,1495000,IDR
ET-331,27-11-2023,Gaji,EA-145,492000,IDR
ET-1184,15-03-2023,Gaji,EA-118,376000,IDR
ET-250,07-09-2023,Gaji,EA-103,3400000,IDR
ET-1334,12-08-2023,Pembelian,EA-155,1419000,IDR
ET-1229,29-04-2023,Penjualan,EA-198,32000,IDR
ET-1157,16-02-2023,Penjualan,EA-160,1452000,IDR
ET-296,23-10-2023,Pembelian,EA-181,1232000,IDR
ET-1244,14-05-2023,Gaji,EA-135,1122000,IDR
ET-1340,18-08-2023,Pembelian,EA-107,854000,IDR
ET-1460,16-12-2023,Pembelian,EA-151,1057000,IDR
ET-103,13-04-2023,Penjualan,EA-167,234000,IDR
ET-1285,24-06-2023,Gaji,EA-173,872000,IDR
ET-42,11-02-2023,Penjualan,EA-104,6600000,IDR
ET-220,08-08-2023,Pembelian,EA-192,1399000,IDR
ET-1496,21-01-2024,Penjualan,EA-136,9100000,IDR
ET-1547,12-03-2024,Pembelian,EA-164,983000,IDR
ET-1597,01-05-2024,Pembelian,EA-176,292000,IDR
ET-274,01-10-2023,Pembelian,EA-171,3600000,IDR
ET-1325,03-08-2023,Gaji,EA-169,1600000,IDR
ET-1186,17-03-2023,Pembelian,EA-136,1555000,IDR
ET-1580,14-04-2024,Pembelian,EA-101,634000,IDR
ET-1442,28-11-2023,Gaji,EA-126,3900000,IDR
ET-1434,20-11-2023,Gaji,EA-180,5700000,IDR
ET-1218,18-04-2023,Pembelian,EA-115,796000,IDR
ET-1532,26-02-2024,Penjualan,EA-117,1415000,IDR
ET-325,21-11-2023,Penjualan,EA-150,3400000,IDR
ET-107,17-04-2023,Gaji,EA-104,1667000,IDR
ET-1384,01-10-2023,Penjualan,EA-199,2500000,IDR
ET-1429,15-11-2023,Gaji,EA-145,7300000,IDR
ET-1565,30-03-2024,Penjualan,EA-159,189000,IDR
ET-1222,22-04-2023,Pembelian,EA-172,4200000,IDR
ET-1228,28-04-2023,Pembelian,EA-135,1247000,IDR
ET-22,22-01-2023,Pembelian,EA-158,518000,IDR
ET-213,01-08-2023,Gaji,EA-101,4000000,IDR
ET-101,11-04-2023,Gaji,EA-173,1783000,IDR
ET-1530,24-02-2024,Pembelian,EA-156,288000,IDR
ET-197,16-07-2023,Gaji,EA-164,243000,IDR
ET-1408,25-10-2023,Penjualan,EA-166,703000,IDR
ET-1466,22-12-2023,Penjualan,EA-175,1582000,IDR
ET-1161,20-02-2023,Gaji,EA-194,7800000,IDR
ET-105,15-04-2023,Pembelian,EA-180,593000,IDR
ET-77,18-03-2023,Penjualan,EA-103,1728000,IDR
ET-293,20-10-2023,Pembelian,EA-127,86000,IDR
ET-1402,19-10-2023,Gaji,EA-159,8400000,IDR
ET-132,12-05-2023,Penjualan,EA-107,3100000,IDR
ET-1227,27-04-2023,Penjualan,EA-152,933000,IDR
ET-1216,16-04-2023,Pembelian,EA-149,4500000,IDR
ET-1348,26-08-2023,Penjualan,EA-188,1746000,IDR
ET-1372,19-09-2023,Penjualan,EA-107,624000,IDR
ET-1178,09-03-2023,Gaji,EA-157,4300000,IDR
ET-255,12-09-2023,Penjualan,EA-174,4800000,IDR
ET-1213,13-04-2023,Pembelian,EA-141,1520000,IDR
ET-342,08-12-2023,Pembelian,EA-105,1489000,IDR
ET-1490,15-01-2024,Pembelian,EA-191,359000,IDR
ET-1392,09-10-2023,Penjualan,EA-191,496000,IDR
ET-5,05-01-2023,Pembelian,EA-167,102000,IDR
ET-1292,01-07-2023,Pembelian,EA-129,4400000,IDR
ET-1199,30-03-2023,Gaji,EA-175,5500000,IDR
ET-1166,25-02-2023,Penjualan,EA-196,9800000,IDR
ET-1594,28-04-2024,Gaji,EA-107,6700000,IDR
ET-1317,26-07-2023,Gaji,EA-136,215000,IDR
ET-1578,12-04-2024,Pembelian,EA-138,2500000,IDR
ET-1528,22-02-2024,Pembelian,EA-119,853000,IDR
ET-1469,25-12-2023,Pembelian,EA-130,1999000,IDR
ET-1605,09-05-2024,Pembelian,EA-116,6700000,IDR
ET-1206,06-04-2023,Gaji,EA-116,7700000,IDR
ET-1117,07-01-2023,Penjualan,EA-181,339000,IDR
ET-123,03-05-2023,Pembelian,EA-128,1461000,IDR
ET-1480,05-01-2024,Pembelian,EA-120,9400000,IDR
ET-232,20-08-2023,Penjualan,EA-118,6500000,IDR
ET-27,27-01-2023,Penjualan,EA-178,1243000,IDR
ET-315,11-11-2023,Penjualan,EA-189,651000,IDR
ET-1153,12-02-2023,Pembelian,EA-111,3100000,IDR
ET-272,29-09-2023,Gaji,EA-156,1887000,IDR
ET-65,06-03-2023,Penjualan,EA-121,399000,IDR
ET-1470,26-12-2023,Pembelian,EA-124,661000,IDR
ET-124,04-05-2023,Penjualan,EA-195,1798000,IDR
ET-264,21-09-2023,Penjualan,EA-130,3400000,IDR
ET-1141,31-01-2023,Gaji,EA-128,1121000,IDR
ET-1260,30-05-2023,Penjualan,EA-179,1417000,IDR
ET-1351,29-08-2023,Penjualan,EA-153,1721000,IDR
ET-311,07-11-2023,Gaji,EA-133,761000,IDR
ET-1352,30-08-2023,Gaji,EA-181,1049000,IDR
ET-61,02-03-2023,Pembelian,EA-174,2000000,IDR
ET-1387,04-10-2023,Pembelian,EA-141,505000,IDR
ET-1355,02-09-2023,Pembelian,EA-133,1545000,IDR
ET-1249,19-05-2023,Pembelian,EA-115,567000,IDR
ET-287,14-10-2023,Gaji,EA-123,5000000,IDR
ET-289,16-10-2023,Gaji,EA-144,531000,IDR
ET-116,26-04-2023,Gaji,EA-178,1600000,IDR
ET-340,06-12-2023,Pembelian,EA-196,373000,IDR
ET-304,31-10-2023,Pembelian,EA-197,345000,IDR
ET-1269,08-06-2023,Pembelian,EA-187,1801000,IDR
ET-187,06-07-2023,Penjualan,EA-156,1286000,IDR
ET-1592,26-04-2024,Pembelian,EA-128,907000,IDR
ET-1116,06-01-2023,Penjualan,EA-149,1708000,IDR
ET-100,10-04-2023,Gaji,EA-103,1084000,IDR
ET-270,27-09-2023,Pembelian,EA-119,7300000,IDR
ET-114,24-04-2023,Gaji,EA-127,1080000,IDR
ET-172,21-06-2023,Pembelian,EA-138,1190000,IDR
ET-280,07-10-2023,Penjualan,EA-152,1800000,IDR
ET-1296,05-07-2023,Gaji,EA-157,801000,IDR
ET-236,24-08-2023,Pembelian,EA-142,1879000,IDR
ET-1148,07-02-2023,Gaji,EA-195,4800000,IDR
ET-1573,07-04-2024,Gaji,EA-122,969000,IDR
ET-1513,07-02-2024,Pembelian,EA-127,6400000,IDR
ET-49,18-02-2023,Gaji,EA-180,581000,IDR
ET-1124,14-01-2023,Gaji,EA-145,864000,IDR
ET-1397,14-10-2023,Pembelian,EA-198,1184000,IDR
ET-1168,27-02-2023,Pembelian,EA-146,265000,IDR
ET-1357,04-09-2023,Pembelian,EA-105,555000,IDR
ET-206,25-07-2023,Gaji,EA-139,793000,IDR
ET-1604,08-05-2024,Gaji,EA-184,5300000,IDR
ET-316,12-11-2023,Pembelian,EA-169,2800000,IDR
ET-1519,13-02-2024,Penjualan,EA-130,1144000,IDR
ET-1263,02-06-2023,Gaji,EA-158,8300000,IDR
ET-253,10-09-2023,Penjualan,EA-138,1718000,IDR
ET-144,24-05-2023,Gaji,EA-147,6600000,IDR
ET-353,19-12-2023,Pembelian,EA-114,957000,IDR
ET-1164,23-02-2023,Pembelian,EA-114,1076000,IDR
ET-1230,30-04-2023,Penjualan,EA-156,1377000,IDR
ET-1198,29-03-2023,Pembelian,EA-144,5000000,IDR
ET-28,28-01-2023,Gaji,EA-178,1216000,IDR
ET-1526,20-02-2024,Gaji,EA-137,471000,IDR
ET-1560,25-03-2024,Gaji,EA-158,861000,IDR
ET-1582,16-04-2024,Penjualan,EA-199,1525000,IDR
ET-276,03-10-2023,Pembelian,EA-124,8300000,IDR
ET-1419,05-11-2023,Penjualan,EA-160,118000,IDR
ET-1126,16-01-2023,Penjualan,EA-121,2000000,IDR
ET-1169,28-02-2023,Pembelian,EA-104,1260000,IDR
ET-1600,04-05-2024,Gaji,EA-120,6000000,IDR
ET-1246,16-05-2023,Penjualan,EA-190,8300000,IDR
ET-71,12-03-2023,Penjualan,EA-141,2800000,IDR
ET-119,29-04-2023,Gaji,EA-195,3000000,IDR
ET-1219,19-04-2023,Penjualan,EA-154,1285000,IDR
ET-1362,09-09-2023,Gaji,EA-101,58000,IDR
ET-199,18-07-2023,Penjualan,EA-113,7800000,IDR
ET-43,12-02-2023,Gaji,EA-128,5600000,IDR
ET-1179,10-03-2023,Gaji,EA-103,3900000,IDR
ET-324,20-11-2023,Penjualan,EA-177,1988000,IDR
ET-1247,17-05-2023,Gaji,EA-176,6000000,IDR
ET-1581,15-04-2024,Gaji,EA-115,1792000,IDR
ET-1493,18-01-2024,Pembelian,EA-199,1992000,IDR
ET-1563,28-03-2024,Pembelian,EA-184,652000,IDR
ET-320,16-11-2023,Pembelian,EA-101,610000,IDR
ET-225,13-08-2023,Pembelian,EA-181,572000,IDR
ET-1377,24-09-2023,Gaji,EA-154,1500000,IDR
ET-1529,23-02-2024,Penjualan,EA-166,3600000,IDR
ET-229,17-08-2023,Gaji,EA-170,2400000,IDR
ET-121,01-05-2023,Pembelian,EA-156,1738000,IDR
ET-1413,30-10-2023,Gaji,EA-158,1918000,IDR
ET-249,06-09-2023,Pembelian,EA-120,819000,IDR
ET-1324,02-08-2023,Pembelian,EA-197,1800000,IDR
ET-1403,20-10-2023,Pembelian,EA-191,761000,IDR
ET-1297,06-07-2023,Pembelian,EA-128,207000,IDR
ET-257,14-09-2023,Pembelian,EA-140,315000,IDR
ET-259,16-09-2023,Penjualan,EA-104,1325000,IDR
ET-1245,15-05-2023,Penjualan,EA-133,272000,IDR
ET-1121,11-01-2023,Penjualan,EA-150,5900000,IDR
ET-1515,09-02-2024,Gaji,EA-124,1642000,IDR
ET-1280,19-06-2023,Pembelian,EA-188,677000,IDR
ET-155,04-06-2023,Penjualan,EA-194,1016000,IDR
ET-35,04-02-2023,Pembelian,EA-115,653000,IDR
ET-1468,24-12-2023,Gaji,EA-138,1765000,IDR
ET-33,02-02-2023,Penjualan,EA-191,421000,IDR
ET-1286,25-06-2023,Gaji,EA-134,6400000,IDR
ET-1390,07-10-2023,Pembelian,EA-135,381000,IDR
ET-1192,23-03-2023,Pembelian,EA-173,600000,IDR
ET-1505,30-01-2024,Penjualan,EA-138,3400000,IDR
ET-219,07-08-2023,Gaji,EA-166,340000,IDR
ET-1112,02-01-2023,Pembelian,EA-180,1627000,IDR
ET-1524,18-02-2024,Penjualan,EA-177,1321000,IDR
ET-188,07-07-2023,Penjualan,EA-121,906000,IDR
ET-139,19-05-2023,Pembelian,EA-100,1899000,IDR
ET-79,20-03-2023,Penjualan,EA-187,461000,IDR
ET-156,05-06-2023,Pembelian,EA-135,1627000,IDR
ET-190,09-07-2023,Gaji,EA-174,831000,IDR
ET-171,20-06-2023,Gaji,EA-119,716000,IDR
ET-1457,13-12-2023,Penjualan,EA-172,612000,IDR
ET-1433,19-11-2023,Penjualan,EA-106,1368000,IDR
ET-362,28-12-2023,Penjualan,EA-129,8000000,IDR
ET-1424,10-11-2023,Pembelian,EA-147,1177000,IDR
ET-153,02-06-2023,Penjualan,EA-182,851000,IDR
ET-1281,20-06-2023,Gaji,EA-147,151000,IDR
ET-186,05-07-2023,Pembelian,EA-127,530000,IDR
ET-1268,07-06-2023,Penjualan,EA-103,1709000,IDR
ET-1379,26-09-2023,Pembelian,EA-122,799000,IDR
ET-1367,14-09-2023,Gaji,EA-141,1600000,IDR
ET-170,19-06-2023,Pembelian,EA-130,919000,IDR
ET-14,14-01-2023,Gaji,EA-122,858000,IDR
ET-69,10-03-2023,Pembelian,EA-144,540000,IDR
ET-145,25-05-2023,Gaji,EA-161,1083000,IDR
ET-1238,08-05-2023,Penjualan,EA-114,1489000,IDR
ET-1243,13-05-2023,Pembelian,EA-199,6600000,IDR
ET-11,11-01-2023,Penjualan,EA-182,43000,IDR
ET-300,27-10-2023,Penjualan,EA-148,1773000,IDR
ET-1113,03-01-2023,Gaji,EA-158,7200000,IDR
ET-217,05-08-2023,Penjualan,EA-128,50000,IDR
ET-1570,04-04-2024,Gaji,EA-116,4300000,IDR
ET-175,24-06-2023,Pembelian,EA-114,5800000,IDR
ET-30,30-01-2023,Pembelian,EA-171,1379000,IDR
ET-1207,07-04-2023,Pembelian,EA-133,1278000,IDR
ET-1236,06-05-2023,Pembelian,EA-141,7400000,IDR
ET-1189,20-03-2023,Pembelian,EA-160,1988000,IDR
ET-1406,23-10-2023,Gaji,EA-153,1000000,IDR
ET-44,13-02-2023,Penjualan,EA-165,451000,IDR
ET-335,01-12-2023,Gaji,EA-108,1306000,IDR
ET-211,30-07-2023,Penjualan,EA-112,1040000,IDR
ET-317,13-11-2023,Gaji,EA-165,1851000,IDR
ET-1132,22-01-2023,Gaji,EA-138,4500000,IDR
ET-1299,08-07-2023,Gaji,EA-100,8000000,IDR
ET-358,24-12-2023,Gaji,EA-127,7800000,IDR
ET-169,18-06-2023,Pembelian,EA-136,2500000,IDR
ET-328,24-11-2023,Pembelian,EA-143,1440000,IDR
ET-326,22-11-2023,Penjualan,EA-127,1332000,IDR
ET-1275,14-06-2023,Penjualan,EA-100,566000,IDR
ET-1564,29-03-2024,Penjualan,EA-151,1379000,IDR
ET-1450,06-12-2023,Gaji,EA-194,979000,IDR
ET-1421,07-11-2023,Gaji,EA-108,1334000,IDR
ET-310,06-11-2023,Penjualan,EA-172,475000,IDR
ET-185,04-07-2023,Pembelian,EA-151,9000000,IDR
ET-1180,11-03-2023,Gaji,EA-129,1772000,IDR
ET-1487,12-01-2024,Penjualan,EA-102,262000,IDR
ET-4,04-01-2023,Pembelian,EA-194,7200000,IDR
ET-1479,04-01-2024,Pembelian,EA-113,705000,IDR
ET-210,29-07-2023,Penjualan,EA-126,1252000,IDR
ET-1475,31-12-2023,Gaji,EA-155,568000,IDR
ET-126,06-05-2023,Gaji,EA-158,1684000,IDR
ET-12,12-01-2023,Gaji,EA-182,1796000,IDR
ET-157,06-06-2023,Gaji,EA-148,930000,IDR
ET-241,29-08-2023,Gaji,EA-135,1761000,IDR
ET-295,22-10-2023,Gaji,EA-198,7000000,IDR
ET-266,23-09-2023,Penjualan,EA-188,1035000,IDR
ET-1144,03-02-2023,Penjualan,EA-189,1722000,IDR
ET-205,24-07-2023,Gaji,EA-130,3100000,IDR
ET-41,10-02-2023,Gaji,EA-182,870000,IDR
ET-1289,28-06-2023,Pembelian,EA-185,430000,IDR
ET-1368,15-09-2023,Pembelian,EA-141,1423000,IDR
ET-108,18-04-2023,Gaji,EA-161,1288000,IDR
ET-1210,10-04-2023,Pembelian,EA-171,895000,IDR
ET-67,08-03-2023,Pembelian,EA-132,196000,IDR
ET-97,07-04-2023,Gaji,EA-117,1093000,IDR
ET-1488,13-01-2024,Pembelian,EA-171,1402000,IDR
ET-92,02-04-2023,Gaji,EA-140,2300000,IDR
ET-333,29-11-2023,Penjualan,EA-143,4800000,IDR
ET-1177,08-03-2023,Gaji,EA-112,1306000,IDR
ET-1224,24-04-2023,Gaji,EA-145,5900000,IDR
ET-1130,20-01-2023,Pembelian,EA-190,1017000,IDR
ET-1401,18-10-2023,Pembelian,EA-175,2400000,IDR
ET-1265,04-06-2023,Gaji,EA-157,2400000,IDR
ET-1171,02-03-2023,Gaji,EA-121,1072000,IDR
ET-202,21-07-2023,Gaji,EA-166,1827000,IDR
ET-1559,24-03-2024,Gaji,EA-189,1112000,IDR
ET-1431,17-11-2023,Penjualan,EA-160,1552000,IDR
ET-1256,26-05-2023,Pembelian,EA-158,286000,IDR
ET-1221,21-04-2023,Pembelian,EA-189,1030000,IDR
ET-115,25-04-2023,Gaji,EA-151,1754000,IDR
ET-150,30-05-2023,Penjualan,EA-104,6100000,IDR
ET-1409,26-10-2023,Penjualan,EA-190,7300000,IDR
ET-1606,10-05-2024,Pembelian,EA-132,3500000,IDR
ET-1271,10-06-2023,Pembelian,EA-167,1900000,IDR
ET-1215,15-04-2023,Gaji,EA-135,1134000,IDR
ET-1497,22-01-2024,Gaji,EA-130,4000000,IDR
ET-1538,03-03-2024,Pembelian,EA-142,6700000,IDR
ET-164,13-06-2023,Pembelian,EA-148,269000,IDR
ET-129,09-05-2023,Penjualan,EA-116,7300000,IDR
ET-1483,08-01-2024,Gaji,EA-135,1873000,IDR
ET-51,20-02-2023,Penjualan,EA-190,1370000,IDR
ET-226,14-08-2023,Pembelian,EA-136,1868000,IDR
ET-1443,29-11-2023,Pembelian,EA-146,160000,IDR
ET-208,27-07-2023,Pembelian,EA-177,279000,IDR
ET-1414,31-10-2023,Gaji,EA-120,963000,IDR
ET-1549,14-03-2024,Penjualan,EA-133,75000,IDR
ET-248,05-09-2023,Gaji,EA-166,897000,IDR
ET-1426,12-11-2023,Penjualan,EA-162,627000,IDR
ET-85,26-03-2023,Pembelian,EA-160,5500000,IDR
ET-1226,26-04-2023,Pembelian,EA-162,757000,IDR
ET-1240,10-05-2023,Penjualan,EA-188,4300000,IDR
ET-81,22-03-2023,Penjualan,EA-130,9700000,IDR
ET-1194,25-03-2023,Gaji,EA-187,1733000,IDR
ET-1477,02-01-2024,Pembelian,EA-190,3200000,IDR
ET-1255,25-05-2023,Gaji,EA-122,1570000,IDR
ET-86,27-03-2023,Penjualan,EA-107,8200000,IDR
ET-1500,25-01-2024,Pembelian,EA-101,1646000,IDR
ET-1465,21-12-2023,Gaji,EA-126,243000,IDR
ET-1145,04-02-2023,Gaji,EA-192,8000000,IDR
ET-275,02-10-2023,Penjualan,EA-160,414000,IDR
ET-1138,28-01-2023,Penjualan,EA-105,1646000,IDR
ET-1311,20-07-2023,Gaji,EA-174,913000,IDR
ET-104,14-04-2023,Pembelian,EA-171,148000,IDR
ET-1303,12-07-2023,Gaji,EA-165,1710000,IDR
ET-313,09-11-2023,Penjualan,EA-148,575000,IDR
ET-9,09-01-2023,Penjualan,EA-150,1700000,IDR
ET-1209,09-04-2023,Penjualan,EA-143,511000,IDR
ET-1444,30-11-2023,Gaji,EA-170,1243000,IDR
ET-178,27-06-2023,Pembelian,EA-160,759000,IDR
ET-31,31-01-2023,Pembelian,EA-155,6800000,IDR
ET-346,12-12-2023,Penjualan,EA-171,4500000,IDR
ET-1185,16-03-2023,Penjualan,EA-173,483000,IDR
ET-1486,11-01-2024,Gaji,EA-140,710000,IDR
ET-148,28-05-2023,Penjualan,EA-176,2500000,IDR
ET-1322,31-07-2023,Gaji,EA-194,725000,IDR
ET-1211,11-04-2023,Penjualan,EA-181,8400000,IDR
ET-1134,24-01-2023,Gaji,EA-173,1948000,IDR
ET-1589,23-04-2024,Pembelian,EA-152,758000,IDR
ET-1452,08-12-2023,Gaji,EA-145,2400000,IDR
ET-294,21-10-2023,Pembelian,EA-145,5000000,IDR
ET-1118,08-01-2023,Pembelian,EA-133,1869000,IDR
ET-244,01-09-2023,Pembelian,EA-123,7700000,IDR
ET-1416,02-11-2023,Penjualan,EA-189,1801000,IDR
ET-21,21-01-2023,Penjualan,EA-157,1938000,IDR
ET-1591,25-04-2024,Penjualan,EA-185,1721000,IDR
ET-1257,27-05-2023,Penjualan,EA-145,1246000,IDR
ET-1306,15-07-2023,Gaji,EA-160,8500000,IDR
ET-166,15-06-2023,Penjualan,EA-170,1248000,IDR
ET-162,11-06-2023,Gaji,EA-150,1344000,IDR
ET-292,19-10-2023,Pembelian,EA-198,4900000,IDR