ID_Transaksi,Tanggal_Transaksi,Jenis_Transaksi,ID_Akun,Jumlah_Transaksi,Mata_Uang
DT-1278,14-04-2022,Pembelian,DA-3569,4422000,IDR
DT-511,11-01-2023,Pembelian,DA-4502,139000,IDR
DT-991,01-05-2023,Penjualan,DA-5564,319000,IDR
DT-1011,07-05-2022,Penjualan,DA-1537,1977000,IDR
DT-373,28-02-2022,Gaji,DA-2346,3750000,IDR
DT-417,16-04-2023,Pembelian,DA-1416,4566000,IDR
DT-971,20-03-2022,Gaji,DA-4575,3079000,IDR
DT-1309,30-10-2022,Pembelian,DA-4273,2079000,IDR
DT-577,25-09-2023,Pembelian,DA-4681,3824000,IDR
DT-1351,03-01-2023,Pembelian,DA-2502,1939000,IDR
DT-244,30-09-2023,Gaji,DA-4386,3719000,IDR
DT-267,07-02-2022,Penjualan,DA-4478,2457000,IDR
DT-969,21-10-2023,Gaji,DA-3796,3907000,IDR
DT-834,15-05-2023,Pembelian,DA-2813,2538000,IDR
DT-1099,15-01-2023,Penjualan,DA-5784,4709000,IDR
DT-157,25-06-2023,Pembelian,DA-1726,2073000,IDR
DT-905,18-09-2023,Gaji,DA-1027,3461000,IDR
DT-822,23-07-2023,Gaji,DA-5413,2457000,IDR
DT-1119,09-12-2023,Pembelian,DA-2513,3186000,IDR
DT-513,13-08-2023,Penjualan,DA-2602,4067000,IDR
DT-835,10-07-2023,Pembelian,DA-3923,4930000,IDR
DT-943,11-06-2022,Gaji,DA-5940,2796000,IDR
DT-433,08-06-2022,Pembelian,DA-2370,3416000,IDR
DT-329,31-03-2022,Pembelian,DA-2635,422000,IDR
DT-1311,14-02-2023,Pembelian,DA-1519,1200000,IDR
DT-1015,18-04-2023,Pembelian,DA-2773,3754000,IDR
DT-343,06-06-2022,Penjualan,DA-4091,2256000,IDR
DT-1379,16-03-2022,Pembelian,DA-4548,4354000,IDR
DT-1388,15-02-2022,Gaji,DA-1299,2076000,IDR
DT-983,30-09-2022,Penjualan,DA-2876,1853000,IDR
DT-1123,09-07-2022,Gaji,DA-2572,3807000,IDR
DT-701,18-07-2023,Penjualan,DA-5458,2273000,IDR
DT-934,25-03-2022,Penjualan,DA-5334,2354000,IDR
DT-804,19-12-2023,Pembelian,DA-2452,214000,IDR
DT-1389,09-09-2022,Penjualan,DA-3941,1288000,IDR
DT-174,24-08-2022,Pembelian,DA-2294,922000,IDR
DT-464,02-08-2022,Pembelian,DA-5958,1617000,IDR
DT-1208,26-05-2023,Pembelian,DA-1030,4674000,IDR
DT-1096,06-09-2022,Pembelian,DA-1605,1178000,IDR
DT-763,27-02-2023,Pembelian,DA-5551,2364000,IDR
DT-1358,13-09-2023,Pembelian,DA-3096,1941000,IDR
DT-424,23-04-2023,Pembelian,DA-4399,428000,IDR
DT-1275,26-08-2022,Penjualan,DA-2542,1135000,IDR
DT-117,17-01-2022,Penjualan,DA-2341,674000,IDR
DT-319,16-07-2023,Gaji,DA-1950,2223000,IDR
DT-599,04-08-2023,Penjualan,DA-3976,2436000,IDR
DT-418,08-07-2022,Pembelian,DA-3661,1297000,IDR
DT-646,16-08-2023,Penjualan,DA-5155,4932000,IDR
DT-1260,12-10-2022,Gaji,DA-4288,3777000,IDR
DT-720,08-04-2023,Pembelian,DA-4402,1166000,IDR
DT-1089,24-04-2023,Pembelian,DA-2028,4208000,IDR
DT-967,02-06-2022,Gaji,DA-2905,1173000,IDR
DT-395,03-06-2023,Pembelian,DA-2416,4326000,IDR
DT-773,07-10-2022,Pembelian,DA-1654,725000,IDR
DT-670,02-11-2022,Penjualan,DA-5690,1646000,IDR
DT-105,17-07-2022,Pembelian,DA-1951,1255000,IDR
DT-1039,28-06-2023,Pembelian,DA-1683,3187000,IDR
DT-1269,20-12-2022,Pembelian,DA-5654,4763000,IDR
DT-555,01-08-2023,Penjualan,DA-1040,927000,IDR
DT-1050,04-02-2023,Penjualan,DA-4763,2775000,IDR
DT-766,28-10-2023,Penjualan,DA-1819,953000,IDR
DT-446,06-12-2023,Penjualan,DA-1792,2743000,IDR
DT-906,18-12-2022,Penjualan,DA-2272,1607000,IDR
DT-1341,19-11-2022,Gaji,DA-1112,3192000,IDR
DT-1340,08-10-2023,Pembelian,DA-3939,4697000,IDR
DT-695,05-06-2023,Penjualan,DA-3394,4733000,IDR
DT-385,07-02-2022,Gaji,DA-1342,2251000,IDR
DT-1334,03-04-2022,Penjualan,DA-2429,1646000,IDR
DT-761,06-03-2023,Gaji,DA-4597,4089000,IDR
DT-259,11-07-2022,Gaji,DA-5454,4657000,IDR
DT-1414,26-06-2023,Pembelian,DA-5877,4788000,IDR
DT-632,02-05-2023,Penjualan,DA-2116,2578000,IDR
DT-914,12-06-2022,Gaji,DA-4172,4192000,IDR
DT-1198,13-10-2023,Gaji,DA-4696,1152000,IDR
DT-676,21-09-2023,Penjualan,DA-5668,855000,IDR
DT-1094,09-08-2022,Pembelian,DA-1468,3864000,IDR
DT-747,12-06-2022,Gaji,DA-1629,280000,IDR
DT-708,17-08-2023,Penjualan,DA-3072,3709000,IDR
DT-627,07-12-2022,Gaji,DA-2155,3140000,IDR
DT-1066,27-03-2023,Pembelian,DA-4527,1811000,IDR
DT-1191,02-07-2022,Pembelian,DA-2310,3316000,IDR
DT-279,19-05-2022,Penjualan,DA-1063,4591000,IDR
DT-602,20-03-2022,Gaji,DA-5816,3079000,IDR
DT-390,12-03-2022,Pembelian,DA-1031,490000,IDR
DT-357,23-03-2022,Gaji,DA-5221,1686000,IDR
DT-846,24-12-2022,Gaji,DA-3815,913000,IDR
DT-979,28-07-2022,Penjualan,DA-5243,3252000,IDR
DT-918,29-06-2023,Pembelian,DA-4259,1817000,IDR
DT-1394,30-01-2023,Penjualan,DA-1912,755000,IDR
DT-297,07-02-2023,Gaji,DA-4467,2837000,IDR
DT-249,12-01-2023,Pembelian,DA-5738,625000,IDR
DT-367,15-12-2022,Penjualan,DA-3275,3380000,IDR
DT-242,04-11-2023,Penjualan,DA-2544,1176000,IDR
DT-230,17-11-2023,Penjualan,DA-1544,3836000,IDR
DT-396,06-05-2022,Penjualan,DA-2188,428000,IDR
DT-571,29-10-2023,Penjualan,DA-3176,1033000,IDR
DT-1290,31-03-2022,Pembelian,DA-4759,3925000,IDR
DT-100,03-10-2023,Gaji,DA-5729,4514000,IDR
DT-382,29-08-2022,Penjualan,DA-5435,3071000,IDR
DT-339,08-08-2022,Pembelian,DA-4755,233000,IDR
DT-1127,05-04-2023,Pembelian,DA-1500,1530000,IDR
DT-1158,16-02-2022,Penjualan,DA-2104,621000,IDR
DT-286,25-05-2023,Penjualan,DA-5657,1478000,IDR
DT-985,01-07-2023,Pembelian,DA-1168,603000,IDR
DT-712,04-06-2022,Pembelian,DA-5860,880000,IDR
DT-1392,08-02-2023,Gaji,DA-2031,3466000,IDR
DT-160,16-05-2022,Pembelian,DA-2895,3647000,IDR
DT-447,10-08-2023,Pembelian,DA-4170,1896000,IDR
DT-657,11-07-2023,Penjualan,DA-2879,4484000,IDR
DT-1113,17-12-2023,Penjualan,DA-4860,1307000,IDR
DT-847,19-06-2022,Penjualan,DA-5159,2709000,IDR
DT-526,22-01-2022,Pembelian,DA-2979,753000,IDR
DT-490,14-07-2022,Penjualan,DA-1492,4687000,IDR
DT-875,22-03-2023,Penjualan,DA-5073,1166000,IDR
DT-1173,27-03-2022,Penjualan,DA-4225,3531000,IDR
DT-998,14-10-2022,Gaji,DA-1773,2939000,IDR
DT-437,02-08-2022,Penjualan,DA-4505,2687000,IDR
DT-215,12-09-2023,Penjualan,DA-5387,2560000,IDR
DT-975,18-07-2022,Penjualan,DA-4158,1277000,IDR
DT-803,03-10-2022,Pembelian,DA-1521,3207000,IDR
DT-693,25-06-2022,Penjualan,DA-2113,972000,IDR
DT-978,21-08-2023,Penjualan,DA-4778,4817000,IDR
DT-1346,15-08-2022,Penjualan,DA-2781,1978000,IDR
DT-141,06-01-2023,Pembelian,DA-1316,933000,IDR
DT-700,09-12-2023,Penjualan,DA-3383,3120000,IDR
DT-707,02-01-2022,Penjualan,DA-2627,1598000,IDR
DT-1105,03-09-2022,Gaji,DA-4976,4779000,IDR
DT-1272,03-08-2023,Pembelian,DA-1099,1992000,IDR
DT-1093,08-09-2023,Penjualan,DA-3938,3779000,IDR
DT-435,09-12-2022,Gaji,DA-2272,374000,IDR
DT-512,31-10-2023,Gaji,DA-5867,1429000,IDR
DT-596,02-02-2022,Gaji,DA-1609,628000,IDR
DT-331,11-10-2022,Gaji,DA-2418,4423000,IDR
DT-406,16-04-2022,Penjualan,DA-3588,2736000,IDR
DT-1171,03-10-2022,Pembelian,DA-2314,3207000,IDR
DT-836,23-08-2022,Gaji,DA-2323,558000,IDR
DT-510,04-09-2023,Penjualan,DA-5203,3369000,IDR
DT-772,11-01-2022,Penjualan,DA-5454,349000,IDR
DT-191,01-12-2023,Pembelian,DA-5712,1421000,IDR
DT-1216,20-02-2023,Pembelian,DA-2313,2712000,IDR
DT-1233,17-05-2023,Gaji,DA-5336,4333000,IDR
DT-173,14-06-2023,Gaji,DA-1676,1395000,IDR
DT-248,15-09-2022,Penjualan,DA-1816,4250000,IDR
DT-1317,04-06-2023,Pembelian,DA-5272,2768000,IDR
DT-394,18-08-2023,Pembelian,DA-4706,1546000,IDR
DT-621,15-03-2022,Gaji,DA-2528,1784000,IDR
DT-1328,04-05-2022,Pembelian,DA-4007,698000,IDR
DT-415,28-08-2023,Pembelian,DA-1521,2841000,IDR
DT-1107,02-02-2023,Gaji,DA-5207,4456000,IDR
DT-1278,18-04-2022,Gaji,DA-4713,1439000,IDR
DT-429,24-09-2022,Penjualan,DA-1634,2670000,IDR
DT-754,26-08-2023,Penjualan,DA-5512,3476000,IDR
DT-819,02-11-2023,Gaji,DA-5700,4426000,IDR
DT-591,07-04-2023,Penjualan,DA-4693,3168000,IDR
DT-302,29-01-2023,Gaji,DA-4609,1143000,IDR
DT-1298,27-12-2023,Gaji,DA-4365,4419000,IDR
DT-806,05-08-2022,Gaji,DA-1077,4051000,IDR
DT-710,31-03-2023,Penjualan,DA-2554,492000,IDR
DT-797,30-01-2022,Gaji,DA-4372,4607000,IDR
DT-1361,17-04-2022,Penjualan,DA-5231,4386000,IDR
DT-650,08-03-2023,Penjualan,DA-4067,2554000,IDR
DT-392,28-03-2022,Pembelian,DA-4344,704000,IDR
DT-240,19-03-2023,Pembelian,DA-4757,2232000,IDR
DT-440,23-05-2023,Gaji,DA-3133,2010000,IDR
DT-389,03-01-2022,Gaji,DA-3405,4859000,IDR
DT-1273,19-02-2023,Gaji,DA-3683,2476000,IDR
DT-1035,21-01-2022,Penjualan,DA-1384,1489000,IDR
DT-606,25-07-2022,Pembelian,DA-2958,1171000,IDR
DT-132,11-02-2023,Penjualan,DA-1789,2363000,IDR
DT-384,19-11-2023,Pembelian,DA-4932,2864000,IDR
DT-1200,27-01-2023,Gaji,DA-5737,4699000,IDR
DT-1227,03-07-2023,Pembelian,DA-5811,787000,IDR
DT-521,26-09-2023,Pembelian,DA-3796,378000,IDR
DT-575,19-01-2023,Pembelian,DA-2308,3844000,IDR
DT-523,31-07-2022,Gaji,DA-3393,3439000,IDR
DT-668,27-11-2023,Penjualan,DA-2688,3401000,IDR
DT-364,22-09-2022,Pembelian,DA-2677,1768000,IDR
DT-196,18-11-2022,Pembelian,DA-5214,2154000,IDR
DT-940,05-04-2023,Pembelian,DA-4945,4597000,IDR
DT-566,03-11-2023,Gaji,DA-4039,3210000,IDR
DT-1151,25-05-2022,Penjualan,DA-3972,2728000,IDR
DT-818,30-06-2023,Pembelian,DA-1028,1680000,IDR
DT-164,28-12-2023,Pembelian,DA-5904,2837000,IDR
DT-169,17-09-2023,Penjualan,DA-1960,1451000,IDR
DT-591,01-01-2022,Gaji,DA-3228,2283000,IDR
DT-1355,10-04-2022,Penjualan,DA-3215,4785000,IDR
DT-1159,11-01-2023,Pembelian,DA-2783,2682000,IDR
DT-837,10-06-2023,Pembelian,DA-1990,4555000,IDR
DT-1296,02-04-2022,Penjualan,DA-5989,2013000,IDR
DT-793,08-08-2023,Gaji,DA-5479,3651000,IDR
DT-227,01-06-2022,Pembelian,DA-4576,2210000,IDR
DT-1108,08-01-2023,Pembelian,DA-2584,879000,IDR
DT-664,23-04-2022,Pembelian,DA-5461,2008000,IDR
DT-1243,01-11-2023,Penjualan,DA-1441,1192000,IDR
DT-1373,28-12-2023,Penjualan,DA-4771,1908000,IDR
DT-897,14-06-2022,Penjualan,DA-2090,424000,IDR
DT-783,11-01-2022,Pembelian,DA-3724,1803000,IDR
DT-966,14-03-2022,Penjualan,DA-4713,2488000,IDR
DT-271,16-09-2023,Pembelian,DA-1938,4677000,IDR
DT-263,31-05-2023,Pembelian,DA-5602,2742000,IDR
DT-1114,07-03-2023,Pembelian,DA-5325,193000,IDR
DT-535,09-01-2022,Pembelian,DA-2249,1428000,IDR
DT-778,13-12-2023,Pembelian,DA-1339,253000,IDR
DT-981,19-04-2022,Penjualan,DA-3304,1527000,IDR
DT-882,14-07-2022,Gaji,DA-2826,4455000,IDR
DT-1085,30-06-2023,Penjualan,DA-5671,1391000,IDR
DT-199,05-09-2023,Gaji,DA-5670,1588000,IDR
DT-514,08-05-2022,Gaji,DA-5080,2301000,IDR
DT-613,27-09-2022,Penjualan,DA-4698,1541000,IDR
DT-1156,03-08-2022,Gaji,DA-2788,4371000,IDR
DT-641,15-03-2023,Penjualan,DA-2631,1454000,IDR
DT-850,05-01-2023,Penjualan,DA-2383,464000,IDR
DT-1305,02-07-2023,Gaji,DA-1378,3812000,IDR
DT-705,26-02-2022,Gaji,DA-2844,1234000,IDR
DT-431,05-07-2023,Gaji,DA-3004,2975000,IDR
DT-565,04-01-2022,Gaji,DA-2496,607000,IDR
DT-1406,08-11-2022,Gaji,DA-1874,346000,IDR
DT-282,19-02-2022,Pembelian,DA-4499,3474000,IDR
DT-1143,09-09-2023,Penjualan,DA-3765,4705000,IDR
DT-877,22-10-2022,Penjualan,DA-1209,2331000,IDR
DT-973,25-06-2022,Penjualan,DA-3752,1666000,IDR
DT-126,05-04-2022,Penjualan,DA-5756,878000,IDR
DT-1376,26-02-2022,Pembelian,DA-4715,1993000,IDR
DT-198,27-06-2023,Penjualan,DA-4559,4507000,IDR
DT-942,30-04-2022,Penjualan,DA-4752,2584000,IDR
DT-189,09-01-2023,Pembelian,DA-5032,2880000,IDR
DT-598,12-12-2022,Penjualan,DA-2457,4812000,IDR
DT-1325,14-12-2023,Gaji,DA-2700,4088000,IDR
DT-1018,19-07-2023,Penjualan,DA-3107,92000,IDR
DT-247,10-02-2023,Pembelian,DA-3977,4198000,IDR
DT-881,11-09-2022,Pembelian,DA-3295,3868000,IDR
DT-1043,22-05-2023,Pembelian,DA-3142,1200000,IDR
DT-1343,29-11-2023,Gaji,DA-2152,2533000,IDR
DT-1294,21-03-2023,Pembelian,DA-4339,1954000,IDR
DT-1148,26-03-2022,Penjualan,DA-4221,4915000,IDR
DT-957,17-02-2022,Gaji,DA-1197,1738000,IDR
DT-1393,21-07-2023,Gaji,DA-3544,1431000,IDR
DT-1289,22-10-2022,Gaji,DA-2110,4652000,IDR
DT-288,05-04-2022,Penjualan,DA-1529,2977000,IDR
DT-262,25-02-2022,Gaji,DA-4578,1130000,IDR
DT-356,22-02-2023,Gaji,DA-4161,2565000,IDR
DT-1181,08-09-2023,Gaji,DA-1370,411000,IDR
DT-375,25-08-2023,Penjualan,DA-2772,67000,IDR
DT-580,30-11-2022,Gaji,DA-3699,4745000,IDR
DT-1184,06-07-2023,Pembelian,DA-3981,3651000,IDR
DT-253,04-11-2022,Penjualan,DA-3784,751000,IDR
DT-829,10-04-2023,Gaji,DA-4874,4811000,IDR
DT-782,13-04-2023,Penjualan,DA-1687,359000,IDR
DT-898,12-03-2022,Penjualan,DA-3240,904000,IDR
DT-1178,03-09-2023,Pembelian,DA-5579,4043000,IDR
DT-1315,01-03-2022,Pembelian,DA-5251,2544000,IDR
DT-359,09-02-2023,Pembelian,DA-5283,3221000,IDR
DT-1357,02-03-2022,Pembelian,DA-3574,4107000,IDR
DT-851,23-06-2023,Penjualan,DA-3838,1642000,IDR
DT-1025,08-06-2023,Penjualan,DA-1622,2421000,IDR
DT-1293,13-08-2022,Gaji,DA-1942,4248000,IDR
DT-539,05-10-2023,Pembelian,DA-4155,801000,IDR
DT-995,04-10-2022,Pembelian,DA-4746,4325000,IDR
DT-1410,04-08-2022,Gaji,DA-5600,533000,IDR
DT-452,07-11-2023,Penjualan,DA-3806,2498000,IDR
DT-830,15-04-2023,Pembelian,DA-5859,1026000,IDR
DT-1270,23-11-2022,Penjualan,DA-4000,2381000,IDR
DT-982,14-11-2023,Penjualan,DA-2617,2071000,IDR
DT-1197,07-09-2022,Pembelian,DA-4567,4543000,IDR
DT-951,21-11-2022,Pembelian,DA-1248,3204000,IDR
DT-1374,14-08-2023,Pembelian,DA-5041,2533000,IDR
DT-1017,25-10-2022,Pembelian,DA-2499,1488000,IDR
DT-172,30-08-2022,Pembelian,DA-2390,2341000,IDR
DT-963,24-04-2022,Pembelian,DA-2006,4375000,IDR
DT-289,03-01-2022,Gaji,DA-5715,4859000,IDR
DT-1145,20-07-2023,Penjualan,DA-4169,4129000,IDR
DT-936,12-08-2022,Penjualan,DA-2656,493000,IDR
DT-463,01-08-2023,Penjualan,DA-4225,3354000,IDR
DT-112,31-12-2023,Gaji,DA-4116,4639000,IDR
DT-423,16-10-2022,Pembelian,DA-3135,1857000,IDR
DT-1118,04-09-2022,Penjualan,DA-3003,3094000,IDR
DT-1047,06-12-2022,Gaji,DA-5055,4931000,IDR
DT-149,02-02-2022,Pembelian,DA-5715,1200000,IDR
DT-1022,04-02-2023,Penjualan,DA-1122,516000,IDR
DT-346,31-05-2022,Pembelian,DA-4123,4880000,IDR
DT-1175,11-04-2022,Penjualan,DA-2483,3194000,IDR
DT-1002,04-07-2022,Gaji,DA-3570,2812000,IDR
DT-1352,26-12-2022,Gaji,DA-5331,3684000,IDR
DT-662,04-12-2023,Gaji,DA-3467,3429000,IDR
DT-849,29-08-2023,Gaji,DA-3797,1349000,IDR
DT-767,14-01-2022,Gaji,DA-3749,2343000,IDR
DT-594,22-06-2023,Penjualan,DA-4946,4482000,IDR
DT-551,17-11-2022,Pembelian,DA-4654,2791000,IDR
DT-944,17-12-2022,Gaji,DA-1942,2958000,IDR
DT-1224,30-12-2022,Penjualan,DA-2581,4075000,IDR
DT-348,07-01-2023,Pembelian,DA-2467,4375000,IDR
DT-648,02-12-2023,Penjualan,DA-5072,480000,IDR
DT-724,20-11-2023,Pembelian,DA-2895,1293000,IDR
DT-1398,22-01-2023,Pembelian,DA-1619,4152000,IDR
DT-896,27-08-2022,Penjualan,DA-4943,3874000,IDR
DT-522,22-09-2022,Pembelian,DA-5135,117000,IDR
DT-208,24-03-2023,Gaji,DA-5892,2127000,IDR
DT-1087,12-02-2023,Penjualan,DA-2297,2240000,IDR
DT-949,15-10-2022,Penjualan,DA-2030,3214000,IDR
DT-170,13-05-2022,Penjualan,DA-2857,816000,IDR
DT-1136,26-06-2022,Gaji,DA-5573,264000,IDR
DT-500,09-08-2023,Pembelian,DA-4565,1327000,IDR
DT-496,04-05-2023,Pembelian,DA-4469,4572000,IDR
DT-647,22-12-2023,Gaji,DA-1365,2487000,IDR
DT-844,18-11-2023,Pembelian,DA-5945,1159000,IDR
DT-733,13-02-2022,Penjualan,DA-5511,3776000,IDR
DT-615,07-08-2023,Gaji,DA-5876,1391000,IDR
DT-698,14-09-2022,Gaji,DA-2739,4175000,IDR
DT-311,03-09-2023,Penjualan,DA-3994,2394000,IDR
DT-361,25-01-2022,Penjualan,DA-3653,4494000,IDR
DT-1372,01-06-2023,Pembelian,DA-3522,1591000,IDR
DT-970,27-05-2022,Penjualan,DA-1134,2254000,IDR
DT-827,24-04-2022,Gaji,DA-5996,3715000,IDR
DT-1187,22-09-2023,Penjualan,DA-5346,506000,IDR
DT-572,19-09-2022,Pembelian,DA-2278,1591000,IDR
DT-348,29-01-2022,Pembelian,DA-5557,232000,IDR
DT-1023,29-06-2022,Gaji,DA-4147,2965000,IDR
DT-139,03-03-2022,Penjualan,DA-2178,3163000,IDR
DT-853,23-11-2023,Gaji,DA-4306,4909000,IDR
DT-493,06-06-2023,Pembelian,DA-5772,2565000,IDR
DT-848,30-10-2023,Gaji,DA-2541,4714000,IDR
DT-554,24-02-2023,Gaji,DA-1657,2934000,IDR
DT-324,24-03-2022,Penjualan,DA-1242,3478000,IDR
DT-623,23-05-2023,Gaji,DA-4854,2821000,IDR
DT-604,31-12-2022,Pembelian,DA-3347,1027000,IDR
DT-277,04-09-2023,Penjualan,DA-2403,3369000,IDR
DT-961,29-09-2023,Gaji,DA-4189,1537000,IDR
DT-622,24-11-2022,Gaji,DA-2917,2125000,IDR
DT-732,07-08-2022,Penjualan,DA-4142,3142000,IDR
DT-869,22-01-2022,Pembelian,DA-1531,753000,IDR
DT-509,16-07-2023,Gaji,DA-3704,2881000,IDR
DT-864,21-02-2022,Gaji,DA-2198,3011000,IDR
DT-950,31-07-2023,Pembelian,DA-4285,2650000,IDR
DT-147,19-10-2023,Penjualan,DA-4738,1626000,IDR
DT-256,18-06-2023,Penjualan,DA-5946,3900000,IDR
DT-629,11-10-2023,Pembelian,DA-3786,4043000,IDR
DT-204,16-09-2022,Penjualan,DA-2237,392000,IDR
DT-1042,05-11-2022,Penjualan,DA-2134,699000,IDR
DT-826,04-01-2023,Penjualan,DA-1381,4504000,IDR
DT-1129,07-04-2023,Gaji,DA-5083,2037000,IDR
DT-411,30-08-2023,Pembelian,DA-2371,3451000,IDR
DT-459,26-11-2023,Pembelian,DA-3433,112000,IDR
DT-519,22-11-2023,Gaji,DA-1434,4907000,IDR
DT-1217,16-12-2023,Penjualan,DA-3195,825000,IDR
DT-1130,08-10-2023,Gaji,DA-5854,1160000,IDR
DT-734,05-09-2023,Gaji,DA-4754,4899000,IDR
DT-503,13-09-2022,Gaji,DA-1246,4591000,IDR
DT-885,12-11-2023,Pembelian,DA-4231,910000,IDR
DT-1177,24-12-2023,Penjualan,DA-4643,2616000,IDR
DT-1362,06-02-2023,Pembelian,DA-4506,3702000,IDR
DT-912,10-08-2022,Penjualan,DA-3318,3468000,IDR
DT-150,31-05-2022,Pembelian,DA-5027,4880000,IDR
DT-901,09-06-2022,Pembelian,DA-1678,2503000,IDR
DT-397,05-06-2023,Penjualan,DA-1168,4733000,IDR
DT-1170,27-10-2023,Pembelian,DA-3095,2375000,IDR
DT-321,03-01-2022,Pembelian,DA-1474,3120000,IDR
DT-589,27-01-2023,Penjualan,DA-1336,3196000,IDR
DT-1058,20-01-2023,Gaji,DA-4814,2268000,IDR
DT-561,19-12-2022,Gaji,DA-4964,4751000,IDR
DT-499,09-04-2023,Penjualan,DA-3012,214000,IDR
DT-954,28-09-2022,Penjualan,DA-5821,734000,IDR
DT-1236,26-02-2023,Gaji,DA-1332,289000,IDR
DT-1064,05-02-2023,Pembelian,DA-1905,899000,IDR
DT-301,28-11-2023,Penjualan,DA-5566,3703000,IDR
DT-124,24-10-2023,Pembelian,DA-1098,131000,IDR
DT-557,06-03-2023,Penjualan,DA-3521,4109000,IDR
DT-1292,26-08-2022,Pembelian,DA-4209,4508000,IDR
DT-1354,04-07-2023,Gaji,DA-3638,3388000,IDR
DT-1220,16-01-2022,Penjualan,DA-3293,4553000,IDR
DT-167,08-12-2022,Penjualan,DA-5621,824000,IDR
DT-1065,23-11-2023,Gaji,DA-4117,743000,IDR
DT-103,05-09-2022,Gaji,DA-4425,3355000,IDR
DT-1199,07-08-2023,Penjualan,DA-5233,594000,IDR
DT-254,30-03-2023,Gaji,DA-5505,595000,IDR
DT-448,25-02-2023,Gaji,DA-5196,1843000,IDR
DT-863,09-06-2022,Penjualan,DA-5491,1044000,IDR
DT-131,14-08-2022,Gaji,DA-4235,3821000,IDR
DT-516,16-01-2023,Penjualan,DA-2751,2444000,IDR
DT-1146,19-01-2023,Pembelian,DA-5571,2507000,IDR
DT-304,10-10-2023,Penjualan,DA-3329,2052000,IDR
DT-1204,28-06-2022,Gaji,DA-4466,4778000,IDR
DT-876,11-10-2022,Penjualan,DA-5515,2257000,IDR
DT-479,25-07-2022,Gaji,DA-4183,2818000,IDR
DT-116,08-05-2023,Penjualan,DA-1940,991000,IDR
DT-919,18-08-2022,Pembelian,DA-4788,1898000,IDR
DT-715,09-11-2023,Penjualan,DA-4301,830000,IDR
DT-210,24-06-2023,Gaji,DA-2539,3191000,IDR
DT-1420,16-05-2022,Gaji,DA-4674,2379000,IDR
DT-449,07-05-2023,Gaji,DA-3171,3508000,IDR
DT-740,16-04-2022,Gaji,DA-2094,4460000,IDR
DT-545,13-09-2023,Pembelian,DA-3510,1941000,IDR
DT-1291,22-01-2022,Gaji,DA-4880,4877000,IDR
DT-1021,03-12-2023,Gaji,DA-4381,1132000,IDR
DT-1053,02-04-2022,Pembelian,DA-5828,1978000,IDR
DT-108,20-06-2023,Pembelian,DA-1577,62000,IDR
DT-889,18-03-2023,Pembelian,DA-3091,2489000,IDR
DT-868,20-02-2023,Penjualan,DA-4392,2525000,IDR
DT-644,30-01-2022,Pembelian,DA-4504,4087000,IDR
DT-1215,24-02-2022,Penjualan,DA-5645,2920000,IDR
DT-298,10-11-2022,Gaji,DA-2988,443000,IDR
DT-1408,02-10-2023,Gaji,DA-5985,1730000,IDR
DT-674,29-09-2022,Gaji,DA-4722,4396000,IDR
DT-601,09-03-2023,Gaji,DA-1378,1480000,IDR
DT-275,05-12-2022,Penjualan,DA-1180,4091000,IDR
DT-489,26-09-2022,Pembelian,DA-1312,2902000,IDR
DT-1091,19-09-2023,Pembelian,DA-1207,1195000,IDR
DT-1079,19-03-2023,Penjualan,DA-2199,388000,IDR
DT-252,17-06-2023,Pembelian,DA-1622,2231000,IDR
DT-891,03-06-2022,Pembelian,DA-5609,2519000,IDR
DT-425,27-09-2023,Penjualan,DA-1644,1891000,IDR
DT-932,23-03-2023,Gaji,DA-5852,4161000,IDR
DT-597,05-11-2023,Pembelian,DA-4720,535000,IDR
DT-616,13-03-2023,Gaji,DA-2518,4138000,IDR
DT-1234,20-01-2022,Gaji,DA-3120,1909000,IDR
DT-569,20-07-2022,Penjualan,DA-2016,1580000,IDR
DT-1244,08-03-2022,Pembelian,DA-3982,3461000,IDR
DT-1056,28-05-2023,Gaji,DA-5214,300000,IDR
DT-470,30-11-2023,Gaji,DA-4975,3479000,IDR
DT-350,30-07-2023,Penjualan,DA-2587,4376000,IDR
DT-101,17-12-2023,Penjualan,DA-4040,4899000,IDR
DT-1147,17-06-2022,Pembelian,DA-3357,4198000,IDR
DT-403,06-08-2023,Penjualan,DA-2786,303000,IDR
DT-312,19-01-2022,Penjualan,DA-2547,2106000,IDR
DT-492,28-06-2022,Gaji,DA-1135,911000,IDR
DT-148,28-10-2022,Gaji,DA-5402,4349000,IDR
DT-1020,12-12-2022,Pembelian,DA-3534,413000,IDR
DT-1246,02-04-2023,Penjualan,DA-2431,4703000,IDR
DT-800,05-07-2022,Penjualan,DA-3729,1140000,IDR
DT-559,05-08-2023,Pembelian,DA-2574,3049000,IDR
DT-387,17-06-2022,Penjualan,DA-3257,1688000,IDR
DT-1297,31-12-2022,Pembelian,DA-1856,4838000,IDR
DT-813,28-08-2023,Penjualan,DA-2707,869000,IDR
DT-305,22-07-2022,Pembelian,DA-4215,609000,IDR
DT-412,14-03-2022,Gaji,DA-2888,3005000,IDR
DT-347,15-06-2022,Gaji,DA-3055,2741000,IDR
DT-438,26-11-2022,Penjualan,DA-2933,732000,IDR
DT-260,17-09-2022,Gaji,DA-3915,2218000,IDR
DT-728,07-11-2023,Penjualan,DA-1007,2498000,IDR
DT-575,25-03-2023,Penjualan,DA-4883,4047000,IDR
DT-1161,24-08-2023,Pembelian,DA-4108,3852000,IDR
DT-1209,25-03-2022,Pembelian,DA-2223,687000,IDR
DT-1401,26-07-2022,Penjualan,DA-3355,3730000,IDR
DT-620,16-01-2023,Gaji,DA-2589,98000,IDR
DT-1128,02-12-2022,Pembelian,DA-3955,4004000,IDR
DT-1098,08-03-2022,Pembelian,DA-5174,3461000,IDR
DT-894,12-07-2023,Pembelian,DA-5195,2115000,IDR
DT-1350,28-03-2022,Pembelian,DA-5701,1885000,IDR
DT-526,19-08-2022,Pembelian,DA-3927,1788000,IDR
DT-1400,04-11-2023,Pembelian,DA-5428,3804000,IDR
DT-225,23-12-2022,Gaji,DA-1680,2725000,IDR
DT-133,19-08-2023,Gaji,DA-1357,1253000,IDR
DT-584,21-12-2022,Pembelian,DA-5468,3477000,IDR
DT-450,11-11-2022,Penjualan,DA-5173,2693000,IDR
DT-1036,08-10-2022,Pembelian,DA-2031,3166000,IDR
DT-1370,19-07-2022,Gaji,DA-4635,644000,IDR
DT-105,05-05-2023,Gaji,DA-3527,4398000,IDR
DT-480,04-11-2022,Penjualan,DA-4287,2617000,IDR
DT-114,05-01-2023,Pembelian,DA-2192,4829000,IDR
DT-530,30-09-2022,Penjualan,DA-5126,265000,IDR
DT-755,07-06-2023,Gaji,DA-4126,2281000,IDR
DT-958,06-10-2023,Gaji,DA-5623,2161000,IDR
DT-342,30-10-2022,Gaji,DA-5376,667000,IDR
DT-910,12-01-2022,Gaji,DA-2861,114000,IDR
DT-922,11-09-2023,Penjualan,DA-2070,1360000,IDR
DT-731,20-12-2022,Gaji,DA-1268,1468000,IDR
DT-110,01-03-2022,Penjualan,DA-2349,4392000,IDR
DT-638,03-12-2022,Pembelian,DA-3454,1543000,IDR
DT-151,17-08-2022,Pembelian,DA-5444,782000,IDR
DT-805,15-12-2022,Gaji,DA-5556,4455000,IDR
DT-1180,20-11-2023,Penjualan,DA-5881,405000,IDR
DT-1261,11-05-2022,Gaji,DA-3048,3540000,IDR
DT-745,06-01-2022,Gaji,DA-1607,4973000,IDR
DT-752,12-04-2022,Gaji,DA-2875,2164000,IDR
DT-635,17-10-2023,Pembelian,DA-3778,2370000,IDR
DT-1052,20-05-2022,Penjualan,DA-4978,4862000,IDR
DT-1164,06-03-2022,Penjualan,DA-1730,291000,IDR
DT-296,31-08-2022,Pembelian,DA-5153,4174000,IDR
DT-612,13-04-2022,Gaji,DA-4888,2400000,IDR
DT-111,15-07-2023,Gaji,DA-1341,1302000,IDR
DT-727,27-07-2022,Gaji,DA-2052,2704000,IDR
DT-1344,12-02-2022,Gaji,DA-4844,4151000,IDR
DT-323,04-02-2022,Pembelian,DA-3359,3868000,IDR
DT-547,31-08-2023,Gaji,DA-5218,2842000,IDR
DT-235,07-06-2022,Pembelian,DA-3172,2347000,IDR
DT-224,01-01-2023,Gaji,DA-2117,4345000,IDR
DT-326,22-03-2023,Pembelian,DA-1511,4087000,IDR
DT-1092,22-07-2023,Penjualan,DA-2856,1784000,IDR
DT-1333,11-03-2023,Penjualan,DA-5274,4854000,IDR
DT-416,09-12-2022,Penjualan,DA-3666,1186000,IDR
DT-527,26-04-2022,Gaji,DA-1581,2853000,IDR
DT-1027,09-01-2022,Penjualan,DA-3557,2279000,IDR
DT-725,21-02-2022,Penjualan,DA-3590,2502000,IDR
DT-264,20-04-2022,Pembelian,DA-3798,2538000,IDR
DT-345,04-03-2022,Gaji,DA-3042,207000,IDR
DT-432,17-03-2022,Pembelian,DA-5594,2207000,IDR
DT-677,03-04-2023,Gaji,DA-3330,3131000,IDR
DT-945,23-08-2023,Pembelian,DA-1251,1043000,IDR
DT-1112,12-03-2023,Penjualan,DA-2593,3422000,IDR
DT-880,11-04-2023,Gaji,DA-3973,4367000,IDR
DT-1176,11-12-2023,Pembelian,DA-3808,3261000,IDR
DT-1012,24-10-2022,Penjualan,DA-4452,4023000,IDR
DT-1402,19-07-2023,Gaji,DA-2342,1352000,IDR
DT-303,25-01-2022,Pembelian,DA-1445,1713000,IDR
DT-1285,03-07-2023,Gaji,DA-2593,1925000,IDR
DT-1268,10-12-2022,Gaji,DA-4712,2759000,IDR
DT-895,13-02-2023,Pembelian,DA-2227,2944000,IDR
DT-567,23-09-2022,Pembelian,DA-5497,2749000,IDR
DT-791,12-05-2023,Gaji,DA-4994,4267000,IDR
DT-925,06-03-2022,Gaji,DA-1472,3381000,IDR
DT-1120,14-01-2022,Pembelian,DA-2338,4993000,IDR
DT-1098,08-01-2022,Pembelian,DA-4026,3316000,IDR
DT-445,02-04-2023,Gaji,DA-4530,3005000,IDR
DT-414,09-03-2022,Gaji,DA-4483,3112000,IDR
DT-573,29-05-2022,Gaji,DA-1919,2917000,IDR
DT-1028,05-05-2022,Penjualan,DA-5523,1861000,IDR
DT-525,10-12-2023,Gaji,DA-2509,564000,IDR
DT-1382,09-06-2023,Pembelian,DA-1330,2214000,IDR
DT-340,21-01-2023,Gaji,DA-1586,2069000,IDR
DT-837,27-12-2022,Pembelian,DA-2277,175000,IDR
DT-543,17-03-2023,Gaji,DA-1043,2844000,IDR
DT-733,22-12-2022,Gaji,DA-4091,516000,IDR
DT-216,09-05-2023,Pembelian,DA-2701,2832000,IDR
DT-776,10-01-2022,Pembelian,DA-1984,2950000,IDR
DT-1125,19-10-2023,Pembelian,DA-1280,2472000,IDR
DT-716,08-10-2022,Gaji,DA-2449,2709000,IDR
DT-976,11-11-2023,Penjualan,DA-1120,324000,IDR
DT-726,04-10-2023,Gaji,DA-2566,1871000,IDR
DT-929,31-07-2023,Pembelian,DA-1052,2650000,IDR
DT-1403,01-09-2023,Pembelian,DA-1119,1816000,IDR
DT-890,03-03-2023,Gaji,DA-2232,2343000,IDR
DT-1336,14-06-2023,Pembelian,DA-2703,812000,IDR
DT-1266,17-11-2023,Gaji,DA-5508,2924000,IDR
DT-1074,21-05-2022,Penjualan,DA-4015,3141000,IDR
DT-1286,20-03-2022,Gaji,DA-3613,1134000,IDR
DT-436,24-09-2023,Pembelian,DA-4156,1799000,IDR
DT-537,28-09-2022,Pembelian,DA-2974,1080000,IDR
DT-1063,23-12-2023,Penjualan,DA-5914,3455000,IDR
DT-497,19-10-2022,Gaji,DA-3841,3497000,IDR
DT-219,16-09-2023,Gaji,DA-1725,1255000,IDR
DT-228,11-03-2023,Penjualan,DA-4496,3460000,IDR
DT-1253,06-09-2022,Gaji,DA-3360,1741000,IDR
DT-1242,14-02-2022,Pembelian,DA-3097,1581000,IDR
DT-828,01-12-2022,Penjualan,DA-5086,3857000,IDR
DT-1264,19-01-2022,Pembelian,DA-3159,1366000,IDR
DT-543,12-08-2023,Gaji,DA-4573,1511000,IDR
DT-678,01-07-2022,Gaji,DA-1396,2678000,IDR
DT-722,20-06-2022,Penjualan,DA-2567,2801000,IDR
DT-1248,06-06-2023,Penjualan,DA-4105,4626000,IDR
DT-1418,19-06-2023,Gaji,DA-1927,4722000,IDR
DT-1211,03-10-2022,Gaji,DA-2218,4047000,IDR
DT-1100,01-02-2022,Pembelian,DA-3231,2598000,IDR
DT-534,26-03-2023,Gaji,DA-2401,2230000,IDR
DT-626,16-05-2023,Gaji,DA-5743,2677000,IDR
DT-1106,02-05-2022,Pembelian,DA-3057,4445000,IDR
DT-640,07-07-2023,Pembelian,DA-2254,3418000,IDR
DT-636,01-04-2023,Pembelian,DA-1769,1438000,IDR
DT-144,12-04-2023,Pembelian,DA-3549,1897000,IDR
DT-1279,22-04-2023,Pembelian,DA-2580,3902000,IDR
DT-1237,11-01-2022,Pembelian,DA-1249,1803000,IDR
DT-581,15-05-2023,Penjualan,DA-1452,274000,IDR
DT-1082,29-04-2022,Pembelian,DA-1954,1556000,IDR
DT-1417,02-06-2023,Gaji,DA-1986,1601000,IDR
DT-1154,27-04-2023,Pembelian,DA-3885,3893000,IDR
DT-1307,24-01-2023,Penjualan,DA-4971,1352000,IDR
DT-374,06-06-2022,Pembelian,DA-1194,2462000,IDR
DT-1006,06-11-2022,Pembelian,DA-2115,361000,IDR
DT-696,13-12-2022,Penjualan,DA-1931,1145000,IDR
DT-719,28-02-2023,Penjualan,DA-1088,4452000,IDR
DT-1323,26-12-2023,Penjualan,DA-1259,850000,IDR
DT-988,06-11-2023,Penjualan,DA-1863,747000,IDR
DT-625,26-07-2023,Penjualan,DA-4242,270000,IDR
DT-1381,21-05-2022,Pembelian,DA-5500,1840000,IDR
DT-1061,11-08-2023,Pembelian,DA-3131,4673000,IDR
DT-867,11-09-2023,Pembelian,DA-1413,3485000,IDR
DT-780,02-03-2023,Pembelian,DA-5533,682000,IDR
DT-220,22-06-2022,Gaji,DA-1911,4929000,IDR
DT-498,10-04-2023,Gaji,DA-2043,4243000,IDR
DT-1189,10-08-2022,Penjualan,DA-3192,3053000,IDR
DT-142,20-10-2023,Pembelian,DA-3871,4338000,IDR
DT-907,18-06-2022,Penjualan,DA-1715,1023000,IDR
DT-993,06-01-2022,Gaji,DA-2891,52000,IDR
DT-229,07-01-2022,Pembelian,DA-4395,729000,IDR
DT-749,27-07-2022,Gaji,DA-2637,3004000,IDR
DT-1083,30-04-2022,Penjualan,DA-4134,2584000,IDR
DT-593,25-08-2022,Gaji,DA-1775,1691000,IDR
DT-1416,27-01-2022,Penjualan,DA-2261,110000,IDR
DT-871,06-08-2022,Gaji,DA-3120,57000,IDR
DT-614,24-05-2023,Gaji,DA-5261,4233000,IDR
DT-972,18-02-2022,Gaji,DA-1161,1625000,IDR
DT-1193,01-09-2022,Gaji,DA-1588,4209000,IDR
DT-134,15-01-2022,Pembelian,DA-3727,1788000,IDR
DT-1327,23-12-2022,Pembelian,DA-1518,1226000,IDR
DT-280,31-08-2023,Gaji,DA-1868,4502000,IDR
DT-550,22-05-2023,Pembelian,DA-1359,1200000,IDR
DT-506,20-06-2022,Gaji,DA-5661,1077000,IDR
DT-258,04-12-2022,Pembelian,DA-4577,1891000,IDR
DT-195,17-05-2022,Pembelian,DA-5593,1952000,IDR
DT-376,02-08-2023,Pembelian,DA-1028,2737000,IDR
DT-409,09-10-2022,Pembelian,DA-3773,3928000,IDR
DT-379,05-03-2022,Penjualan,DA-2947,2118000,IDR
DT-1287,14-04-2023,Pembelian,DA-4918,2656000,IDR
DT-470,02-05-2023,Pembelian,DA-2105,1608000,IDR
DT-1062,12-11-2023,Pembelian,DA-5642,2226000,IDR
DT-1060,21-06-2022,Penjualan,DA-4773,3777000,IDR
DT-291,29-08-2022,Pembelian,DA-3152,4589000,IDR
DT-428,20-02-2022,Pembelian,DA-1970,4025000,IDR
DT-576,01-02-2023,Penjualan,DA-3389,933000,IDR
DT-750,13-03-2022,Gaji,DA-1116,1721000,IDR
DT-1302,02-11-2022,Penjualan,DA-5793,2383000,IDR
DT-278,09-06-2022,Penjualan,DA-3122,1044000,IDR
DT-742,29-05-2023,Pembelian,DA-2650,4256000,IDR
DT-926,29-04-2023,Pembelian,DA-5015,1378000,IDR
DT-472,25-04-2023,Penjualan,DA-1826,556000,IDR
DT-1419,19-04-2022,Gaji,DA-4915,3574000,IDR
DT-611,04-03-2023,Penjualan,DA-4321,2158000,IDR
DT-795,13-06-2022,Pembelian,DA-5278,956000,IDR
DT-553,13-02-2022,Gaji,DA-3719,3770000,IDR
DT-1077,29-03-2022,Pembelian,DA-2900,4377000,IDR
DT-354,27-04-2022,Penjualan,DA-1883,3946000,IDR
DT-1133,28-05-2022,Pembelian,DA-3802,1681000,IDR
DT-820,23-04-2022,Pembelian,DA-3799,2008000,IDR
DT-748,03-07-2022,Pembelian,DA-3200,2726000,IDR
DT-1331,23-01-2022,Gaji,DA-4094,3410000,IDR
DT-1395,16-07-2022,Pembelian,DA-1853,1892000,IDR
DT-1259,13-07-2023,Penjualan,DA-1137,1144000,IDR
DT-197,30-04-2023,Gaji,DA-3489,474000,IDR
DT-328,17-07-2022,Pembelian,DA-1975,1299000,IDR
DT-325,15-02-2023,Penjualan,DA-2699,109000,IDR
DT-405,28-01-2022,Pembelian,DA-4679,3094000,IDR
DT-746,25-12-2023,Gaji,DA-2639,1046000,IDR
DT-1411,18-07-2022,Penjualan,DA-4428,1277000,IDR
DT-928,20-12-2023,Penjualan,DA-3333,3691000,IDR
DT-533,07-05-2023,Penjualan,DA-4628,2287000,IDR
DT-603,22-11-2022,Penjualan,DA-3689,4306000,IDR
DT-255,25-11-2023,Gaji,DA-5256,1675000,IDR
DT-955,17-02-2023,Penjualan,DA-5994,890000,IDR
DT-873,15-08-2022,Penjualan,DA-4778,4092000,IDR
DT-272,14-07-2023,Penjualan,DA-5098,816000,IDR
DT-200,21-05-2023,Penjualan,DA-4888,1437000,IDR
DT-738,23-12-2022,Gaji,DA-1841,2725000,IDR
DT-1308,08-12-2023,Penjualan,DA-3385,922000,IDR
DT-590,01-10-2023,Gaji,DA-1123,2584000,IDR
DT-938,28-09-2023,Gaji,DA-5674,189000,IDR
DT-461,19-05-2023,Pembelian,DA-2585,706000,IDR
DT-355,01-01-2022,Penjualan,DA-1395,2576000,IDR
DT-203,20-12-2023,Penjualan,DA-4762,721000,IDR
DT-398,14-09-2022,Pembelian,DA-1463,119000,IDR
DT-310,20-11-2022,Penjualan,DA-5101,2489000,IDR
DT-352,28-01-2022,Pembelian,DA-1447,2265000,IDR
DT-1131,26-10-2022,Penjualan,DA-2986,4855000,IDR
DT-1019,28-11-2022,Pembelian,DA-2181,1328000,IDR
DT-308,24-09-2023,Pembelian,DA-3712,3529000,IDR
DT-1349,24-12-2023,Penjualan,DA-1540,2616000,IDR
DT-857,17-01-2022,Gaji,DA-2757,1775000,IDR
DT-1111,13-07-2023,Penjualan,DA-5333,2789000,IDR
DT-1031,22-02-2022,Gaji,DA-3476,1685000,IDR
DT-786,01-11-2023,Pembelian,DA-4813,297000,IDR
DT-1152,07-08-2022,Pembelian,DA-4534,4161000,IDR
DT-669,13-08-2022,Gaji,DA-4360,826000,IDR
DT-1110,30-09-2023,Pembelian,DA-3783,4314000,IDR
DT-1277,21-11-2022,Pembelian,DA-3401,935000,IDR
DT-639,22-06-2023,Penjualan,DA-1570,2466000,IDR
DT-317,05-07-2023,Gaji,DA-1801,2975000,IDR
DT-689,29-04-2023,Pembelian,DA-5797,1378000,IDR
DT-987,26-04-2023,Penjualan,DA-5421,1494000,IDR
DT-546,23-01-2023,Gaji,DA-4396,3081000,IDR
DT-841,29-10-2022,Penjualan,DA-1682,1933000,IDR
DT-1063,11-07-2023,Gaji,DA-5731,4287000,IDR
DT-796,21-03-2022,Penjualan,DA-5051,1677000,IDR
DT-1033,14-03-2023,Penjualan,DA-3911,750000,IDR
DT-388,26-11-2022,Pembelian,DA-2330,1849000,IDR
DT-404,14-05-2023,Pembelian,DA-5106,2149000,IDR
DT-536,03-01-2023,Gaji,DA-1001,4068000,IDR
DT-1132,28-06-2022,Gaji,DA-2018,4778000,IDR
DT-886,18-08-2023,Gaji,DA-3247,2817000,IDR
DT-1249,24-07-2023,Pembelian,DA-1644,2961000,IDR
DT-366,13-07-2022,Penjualan,DA-4850,2552000,IDR
DT-892,24-07-2023,Penjualan,DA-5354,4442000,IDR
DT-1038,18-01-2023,Pembelian,DA-5219,4954000,IDR
DT-371,17-05-2022,Pembelian,DA-3396,1952000,IDR
DT-1396,24-01-2023,Gaji,DA-2904,4824000,IDR
DT-158,11-12-2022,Penjualan,DA-5067,1133000,IDR
DT-1300,21-02-2022,Penjualan,DA-2594,2502000,IDR
DT-118,25-09-2022,Gaji,DA-5665,2013000,IDR
DT-960,28-05-2023,Gaji,DA-3820,300000,IDR
DT-528,17-01-2023,Gaji,DA-1987,4994000,IDR
DT-1366,30-03-2022,Pembelian,DA-1215,1833000,IDR
DT-742,12-11-2022,Gaji,DA-4827,3318000,IDR
DT-1088,15-11-2022,Penjualan,DA-3762,4858000,IDR
DT-402,13-10-2022,Penjualan,DA-5517,292000,IDR
DT-920,26-01-2023,Penjualan,DA-4957,4660000,IDR
DT-672,05-01-2022,Penjualan,DA-1623,2982000,IDR
DT-1051,16-03-2023,Penjualan,DA-2209,1011000,IDR
DT-154,01-12-2022,Penjualan,DA-1736,2928000,IDR
DT-769,12-05-2023,Penjualan,DA-4045,2076000,IDR
DT-245,21-02-2023,Pembelian,DA-5471,3515000,IDR
DT-656,17-10-2022,Pembelian,DA-5032,2024000,IDR
DT-178,15-05-2022,Penjualan,DA-2531,3296000,IDR
DT-765,11-07-2022,Penjualan,DA-1855,3908000,IDR
DT-1168,30-03-2023,Penjualan,DA-2355,1986000,IDR
DT-380,29-12-2023,Pembelian,DA-3047,1604000,IDR
DT-270,03-05-2022,Gaji,DA-2318,908000,IDR
DT-744,05-03-2023,Pembelian,DA-5656,2264000,IDR
DT-1140,14-10-2022,Penjualan,DA-4885,1146000,IDR
DT-1030,09-08-2023,Penjualan,DA-3837,4770000,IDR
DT-697,24-11-2023,Penjualan,DA-3531,3894000,IDR
DT-807,06-07-2022,Pembelian,DA-4678,2453000,IDR
DT-887,29-05-2023,Gaji,DA-5885,3544000,IDR
DT-1213,11-07-2023,Gaji,DA-2358,4287000,IDR
DT-1377,03-02-2022,Pembelian,DA-3991,4220000,IDR
DT-994,30-12-2023,Pembelian,DA-1655,2365000,IDR
DT-859,28-01-2023,Penjualan,DA-4106,1158000,IDR
DT-268,10-05-2022,Penjualan,DA-2257,636000,IDR
DT-309,21-10-2022,Pembelian,DA-4248,1919000,IDR
DT-507,15-08-2023,Pembelian,DA-3746,2865000,IDR
DT-1283,16-12-2022,Penjualan,DA-5843,3609000,IDR
DT-128,10-02-2023,Penjualan,DA-4115,1816000,IDR
DT-921,17-06-2023,Pembelian,DA-1766,2231000,IDR
DT-1276,29-03-2023,Gaji,DA-5149,3296000,IDR
DT-226,23-04-2023,Penjualan,DA-4138,4133000,IDR
DT-1316,31-01-2022,Penjualan,DA-5884,2068000,IDR
DT-372,13-11-2022,Gaji,DA-3436,1311000,IDR
DT-713,08-12-2022,Penjualan,DA-1306,824000,IDR
DT-690,14-12-2022,Pembelian,DA-2915,2923000,IDR
DT-261,08-09-2022,Gaji,DA-3548,3254000,IDR
DT-129,10-03-2022,Penjualan,DA-1561,1764000,IDR
DT-1115,18-02-2023,Gaji,DA-3286,2130000,IDR
DT-1287,07-09-2023,Pembelian,DA-4245,1096000,IDR
DT-351,13-05-2022,Penjualan,DA-2265,4579000,IDR
DT-779,20-08-2023,Penjualan,DA-5978,4558000,IDR
DT-1150,23-11-2022,Penjualan,DA-2674,2021000,IDR
DT-331,10-04-2022,Penjualan,DA-4525,1903000,IDR
DT-989,14-09-2023,Pembelian,DA-1286,981000,IDR
DT-802,18-03-2022,Penjualan,DA-2927,3268000,IDR
DT-327,27-03-2023,Pembelian,DA-1325,4014000,IDR
DT-583,10-07-2022,Pembelian,DA-5381,379000,IDR
DT-643,06-10-2022,Pembelian,DA-2363,1848000,IDR
DT-499,27-08-2023,Gaji,DA-4492,3523000,IDR
DT-1231,13-04-2022,Penjualan,DA-2102,1786000,IDR
DT-383,25-12-2022,Penjualan,DA-3426,2771000,IDR
DT-964,11-09-2022,Pembelian,DA-1857,3171000,IDR
DT-968,22-09-2023,Penjualan,DA-5249,1108000,IDR
DT-1068,24-07-2022,Penjualan,DA-1056,587000,IDR
DT-478,29-05-2022,Gaji,DA-2477,1871000,IDR
DT-349,16-10-2023,Pembelian,DA-5575,3493000,IDR
DT-473,18-10-2022,Penjualan,DA-5552,4001000,IDR
DT-1052,22-07-2023,Penjualan,DA-1755,2545000,IDR
DT-1044,04-12-2023,Pembelian,DA-3983,59000,IDR
DT-1141,10-11-2022,Gaji,DA-3515,391000,IDR
DT-1330,10-10-2022,Penjualan,DA-4019,4917000,IDR
DT-542,04-05-2023,Gaji,DA-2854,1787000,IDR
DT-773,25-07-2023,Penjualan,DA-3264,1441000,IDR
DT-145,12-07-2022,Gaji,DA-2020,1312000,IDR
DT-812,15-11-2023,Gaji,DA-4119,2611000,IDR
DT-1032,08-04-2022,Gaji,DA-1818,2651000,IDR
DT-365,17-03-2022,Pembelian,DA-1328,4676000,IDR
DT-860,23-03-2022,Penjualan,DA-5762,2669000,IDR
DT-922,17-03-2023,Pembelian,DA-1096,2682000,IDR
DT-146,30-07-2022,Penjualan,DA-4175,2133000,IDR
DT-198,11-06-2023,Pembelian,DA-2520,4206000,IDR
DT-785,19-09-2023,Pembelian,DA-5787,4595000,IDR
DT-1385,27-02-2022,Gaji,DA-1361,3286000,IDR
DT-651,30-05-2022,Pembelian,DA-5121,1407000,IDR
DT-578,03-09-2022,Gaji,DA-1296,4223000,IDR
DT-177,15-02-2022,Pembelian,DA-4628,3474000,IDR
DT-1010,06-07-2022,Pembelian,DA-3751,4008000,IDR
DT-337,27-06-2022,Penjualan,DA-3234,4271000,IDR
DT-587,06-09-2023,Gaji,DA-1165,3463000,IDR
DT-637,16-09-2023,Pembelian,DA-2533,4677000,IDR
DT-595,09-02-2022,Pembelian,DA-5113,3840000,IDR
DT-386,07-11-2022,Gaji,DA-5465,3963000,IDR
DT-787,13-06-2023,Gaji,DA-4303,2402000,IDR
DT-721,02-10-2023,Penjualan,DA-4006,3154000,IDR
DT-369,30-01-2023,Pembelian,DA-4244,1899000,IDR
DT-186,18-08-2023,Pembelian,DA-5682,1546000,IDR
DT-658,19-07-2022,Gaji,DA-3231,4155000,IDR
DT-684,06-04-2023,Pembelian,DA-2802,1588000,IDR
DT-706,07-12-2023,Gaji,DA-2848,2629000,IDR
DT-811,23-08-2022,Penjualan,DA-1906,4299000,IDR
DT-984,31-01-2023,Pembelian,DA-3143,1360000,IDR
DT-444,15-11-2022,Pembelian,DA-4743,4001000,IDR
DT-1185,16-11-2022,Penjualan,DA-3052,327000,IDR
DT-1153,14-01-2023,Penjualan,DA-5726,3055000,IDR
DT-318,24-10-2023,Pembelian,DA-5107,2293000,IDR
DT-823,28-11-2023,Penjualan,DA-2331,4881000,IDR
DT-1186,03-06-2023,Penjualan,DA-4270,4019000,IDR
DT-1371,16-08-2022,Pembelian,DA-1670,1211000,IDR
DT-1004,01-02-2023,Gaji,DA-2898,298000,IDR
DT-527,20-04-2023,Pembelian,DA-4377,307000,IDR
DT-113,11-08-2022,Pembelian,DA-2068,4149000,IDR
DT-1314,13-01-2023,Pembelian,DA-4420,4293000,IDR
DT-997,05-06-2022,Pembelian,DA-3673,4485000,IDR
DT-792,28-11-2022,Pembelian,DA-2363,1328000,IDR
DT-485,06-02-2022,Penjualan,DA-1504,2438000,IDR
DT-1271,09-09-2022,Pembelian,DA-1480,1863000,IDR
DT-845,08-01-2023,Penjualan,DA-3128,999000,IDR
DT-974,15-10-2023,Gaji,DA-1508,2558000,IDR
DT-1380,12-05-2022,Penjualan,DA-2809,2767000,IDR
DT-477,16-06-2023,Pembelian,DA-3664,2515000,IDR
DT-1397,15-08-2023,Gaji,DA-3453,4681000,IDR
DT-246,09-11-2023,Pembelian,DA-1363,490000,IDR
DT-1267,27-04-2022,Pembelian,DA-2374,614000,IDR
DT-508,01-06-2022,Gaji,DA-5038,1069000,IDR
DT-699,18-05-2022,Gaji,DA-1059,2779000,IDR
DT-933,09-11-2022,Pembelian,DA-2805,1451000,IDR
DT-775,07-05-2022,Penjualan,DA-1767,2303000,IDR
DT-1060,03-11-2022,Penjualan,DA-3386,3777000,IDR
DT-1190,12-02-2023,Gaji,DA-4350,1087000,IDR
DT-1335,04-12-2022,Pembelian,DA-5248,4018000,IDR
DT-1390,05-08-2022,Pembelian,DA-3964,4388000,IDR
DT-488,24-02-2022,Gaji,DA-1692,2949000,IDR
DT-139,18-06-2022,Penjualan,DA-1840,1023000,IDR
DT-799,12-12-2023,Penjualan,DA-3089,4753000,IDR
DT-284,24-01-2022,Penjualan,DA-2011,3088000,IDR
DT-758,21-07-2022,Penjualan,DA-1933,1951000,IDR
DT-1014,20-05-2023,Pembelian,DA-2677,2944000,IDR
DT-1157,01-08-2022,Pembelian,DA-2352,1221000,IDR
DT-1348,11-10-2023,Pembelian,DA-4024,375000,IDR
DT-231,29-04-2022,Penjualan,DA-5142,689000,IDR
DT-592,06-04-2022,Penjualan,DA-4182,3683000,IDR
DT-250,10-09-2022,Gaji,DA-2649,3734000,IDR
DT-175,05-10-2023,Gaji,DA-5090,2806000,IDR
DT-770,08-07-2023,Penjualan,DA-2503,2865000,IDR
DT-408,30-07-2022,Gaji,DA-1142,4756000,IDR
DT-659,18-05-2023,Gaji,DA-1978,4633000,IDR
DT-1172,01-12-2023,Penjualan,DA-1896,1850000,IDR
DT-816,12-05-2023,Penjualan,DA-1064,2076000,IDR
DT-680,14-11-2022,Penjualan,DA-1718,1809000,IDR
DT-825,25-06-2023,Gaji,DA-3692,125000,IDR
DT-549,02-09-2022,Penjualan,DA-3642,4435000,IDR
DT-1251,12-12-2023,Pembelian,DA-3507,1012000,IDR
DT-214,15-07-2022,Pembelian,DA-5385,2962000,IDR
DT-1163,30-05-2023,Penjualan,DA-4599,644000,IDR
DT-682,28-07-2023,Pembelian,DA-5658,2226000,IDR
DT-903,21-06-2023,Penjualan,DA-2874,4019000,IDR
DT-703,22-12-2023,Gaji,DA-2913,3212000,IDR
DT-1263,21-04-2022,Pembelian,DA-2437,4350000,IDR
DT-251,09-07-2022,Penjualan,DA-1235,2264000,IDR
DT-1359,19-06-2023,Pembelian,DA-3638,459000,IDR
DT-953,18-10-2023,Pembelian,DA-4315,1093000,IDR
DT-1274,09-03-2023,Penjualan,DA-5798,4010000,IDR
DT-1026,12-06-2023,Penjualan,DA-5760,4024000,IDR
DT-1265,16-10-2023,Gaji,DA-2644,425000,IDR
DT-1329,07-07-2022,Pembelian,DA-1120,1448000,IDR
DT-1295,03-07-2022,Penjualan,DA-5233,2427000,IDR
DT-760,26-01-2022,Penjualan,DA-2535,2492000,IDR
DT-1229,21-12-2022,Pembelian,DA-4305,3477000,IDR
DT-211,04-08-2023,Penjualan,DA-4931,2103000,IDR
DT-645,28-02-2023,Pembelian,DA-4346,752000,IDR
DT-119,29-10-2023,Pembelian,DA-1995,3015000,IDR
DT-714,13-05-2023,Pembelian,DA-4408,3779000,IDR
DT-1149,06-12-2023,Gaji,DA-4286,2216000,IDR
DT-474,29-04-2023,Gaji,DA-5245,3866000,IDR
DT-1254,05-12-2023,Penjualan,DA-2763,488000,IDR
DT-931,09-05-2022,Pembelian,DA-4662,3526000,IDR
DT-1288,26-12-2022,Gaji,DA-1868,4130000,IDR
DT-563,12-10-2023,Penjualan,DA-1885,447000,IDR
DT-959,23-05-2022,Gaji,DA-5433,1808000,IDR
DT-184,10-01-2023,Penjualan,DA-5380,274000,IDR
DT-495,17-04-2023,Gaji,DA-1426,4195000,IDR
DT-1183,13-11-2023,Gaji,DA-4404,4235000,IDR
DT-1342,05-10-2022,Penjualan,DA-4908,2249000,IDR
DT-633,18-12-2023,Gaji,DA-2990,295000,IDR
DT-1369,04-01-2023,Penjualan,DA-3998,4504000,IDR
DT-1016,25-10-2023,Gaji,DA-2924,4496000,IDR
DT-1299,25-10-2022,Penjualan,DA-3354,3276000,IDR
DT-422,07-12-2022,Pembelian,DA-3212,4481000,IDR
DT-183,04-04-2023,Gaji,DA-5812,1495000,IDR
DT-426,26-08-2023,Penjualan,DA-5709,3685000,IDR
DT-471,09-07-2023,Penjualan,DA-4809,169000,IDR
DT-295,01-11-2022,Penjualan,DA-5990,4936000,IDR
DT-588,15-04-2023,Penjualan,DA-3290,280000,IDR
DT-781,20-09-2022,Penjualan,DA-4267,2053000,IDR
DT-691,28-12-2022,Gaji,DA-3597,3165000,IDR
DT-660,08-04-2022,Penjualan,DA-1418,4307000,IDR
DT-1250,04-12-2023,Pembelian,DA-4423,59000,IDR
DT-518,13-01-2022,Pembelian,DA-2114,4093000,IDR
DT-1059,17-09-2022,Gaji,DA-4885,2218000,IDR
DT-913,21-08-2022,Penjualan,DA-2174,1425000,IDR
DT-718,15-04-2022,Gaji,DA-2177,3129000,IDR
DT-287,17-09-2022,Pembelian,DA-3523,3101000,IDR
DT-1378,15-02-2023,Penjualan,DA-1925,1467000,IDR
DT-789,16-02-2023,Penjualan,DA-3869,3100000,IDR
DT-924,25-09-2022,Gaji,DA-4198,1281000,IDR
DT-202,09-04-2022,Pembelian,DA-2138,2759000,IDR
DT-162,01-05-2022,Gaji,DA-3113,125000,IDR
DT-1383,03-05-2023,Pembelian,DA-3362,1817000,IDR
DT-878,08-02-2022,Pembelian,DA-5181,2614000,IDR
DT-824,22-08-2022,Pembelian,DA-1122,4866000,IDR
DT-445,23-10-2023,Pembelian,DA-2921,437000,IDR
DT-1364,26-10-2023,Penjualan,DA-2038,1386000,IDR
DT-1090,11-03-2022,Pembelian,DA-4145,3469000,IDR
DT-1037,25-04-2022,Penjualan,DA-4585,292000,IDR
DT-190,15-11-2023,Penjualan,DA-4354,1200000,IDR
DT-192,14-05-2022,Penjualan,DA-4280,1234000,IDR
DT-233,18-09-2022,Pembelian,DA-2255,4669000,IDR
DT-140,04-06-2022,Pembelian,DA-4895,880000,IDR
DT-1413,27-07-2023,Penjualan,DA-2595,4533000,IDR
DT-1252,23-03-2023,Gaji,DA-4470,4161000,IDR
DT-1013,24-11-2023,Penjualan,DA-1379,3894000,IDR
DT-665,23-02-2022,Gaji,DA-2708,4461000,IDR
DT-541,19-04-2023,Pembelian,DA-5595,2772000,IDR
DT-1228,28-12-2022,Gaji,DA-4023,2961000,IDR
DT-842,19-09-2022,Pembelian,DA-3477,1061000,IDR
DT-1057,23-08-2023,Gaji,DA-1393,1327000,IDR
DT-723,01-03-2023,Gaji,DA-1382,3350000,IDR
DT-137,01-04-2022,Pembelian,DA-2057,2839000,IDR
DT-1255,29-11-2022,Pembelian,DA-4466,448000,IDR
DT-1412,16-06-2022,Penjualan,DA-4826,3157000,IDR
DT-393,21-04-2023,Penjualan,DA-1848,3620000,IDR
DT-1160,22-03-2022,Gaji,DA-5364,1706000,IDR
DT-962,11-05-2023,Pembelian,DA-2271,4927000,IDR
DT-353,16-10-2022,Gaji,DA-5609,234000,IDR
DT-391,12-08-2023,Penjualan,DA-3469,1399000,IDR
DT-1203,21-11-2023,Pembelian,DA-3189,1887000,IDR
DT-927,07-10-2023,Pembelian,DA-4174,4566000,IDR
DT-1353,05-02-2022,Pembelian,DA-2887,3944000,IDR
DT-120,22-07-2022,Gaji,DA-4324,564000,IDR
DT-222,10-09-2023,Pembelian,DA-1992,3530000,IDR
DT-180,09-10-2023,Gaji,DA-5602,1305000,IDR
DT-467,28-08-2022,Pembelian,DA-4695,2437000,IDR
DT-652,30-07-2023,Penjualan,DA-5110,3447000,IDR
DT-801,30-06-2022,Penjualan,DA-5638,4387000,IDR
DT-704,08-07-2023,Pembelian,DA-1276,732000,IDR
DT-872,08-11-2023,Penjualan,DA-5299,1081000,IDR
DT-774,27-09-2023,Pembelian,DA-2731,2192000,IDR
DT-902,04-04-2022,Gaji,DA-4828,2230000,IDR
DT-462,13-04-2023,Penjualan,DA-3078,2885000,IDR
DT-1048,06-05-2023,Pembelian,DA-2722,1975000,IDR
DT-1212,31-05-2023,Penjualan,DA-5897,2182000,IDR
DT-628,14-03-2023,Pembelian,DA-2871,2149000,IDR
DT-163,27-07-2023,Penjualan,DA-2735,619000,IDR
DT-1080,22-08-2023,Pembelian,DA-4784,2174000,IDR
DT-1002,27-10-2022,Pembelian,DA-5641,1997000,IDR
DT-1262,18-12-2022,Gaji,DA-1355,2897000,IDR
DT-648,24-06-2022,Gaji,DA-2151,420000,IDR
DT-609,02-10-2022,Penjualan,DA-5673,3960000,IDR
DT-1335,27-05-2023,Gaji,DA-1277,4741000,IDR
DT-1332,24-03-2023,Gaji,DA-1198,2127000,IDR
DT-1368,18-05-2022,Penjualan,DA-3082,3955000,IDR
DT-293,20-05-2023,Gaji,DA-5398,3642000,IDR
DT-453,01-10-2022,Penjualan,DA-5710,3468000,IDR
DT-217,20-03-2023,Penjualan,DA-3847,2406000,IDR
DT-736,30-01-2023,Penjualan,DA-5633,755000,IDR
DT-1405,26-04-2023,Pembelian,DA-1100,1332000,IDR
DT-130,14-12-2023,Gaji,DA-2025,4675000,IDR
DT-862,26-05-2022,Gaji,DA-4841,4513000,IDR
DT-421,25-11-2022,Gaji,DA-2941,250000,IDR
DT-1097,22-05-2022,Gaji,DA-3593,1341000,IDR
DT-570,02-09-2023,Pembelian,DA-4188,720000,IDR
DT-810,29-07-2023,Gaji,DA-3444,1746000,IDR
DT-401,09-03-2022,Gaji,DA-2085,2164000,IDR
DT-852,07-02-2023,Pembelian,DA-1837,3744000,IDR
DT-653,23-02-2023,Penjualan,DA-1310,3184000,IDR
DT-564,10-02-2022,Pembelian,DA-2811,3254000,IDR
DT-1102,20-09-2023,Pembelian,DA-4707,273000,IDR
DT-1238,25-11-2023,Penjualan,DA-4721,519000,IDR
DT-1319,21-09-2022,Gaji,DA-3434,2659000,IDR
DT-809,29-07-2022,Penjualan,DA-3598,4623000,IDR
DT-1137,20-10-2022,Gaji,DA-5469,3206000,IDR
DT-980,02-08-2022,Pembelian,DA-1281,1617000,IDR
DT-400,05-07-2023,Pembelian,DA-1145,4381000,IDR
DT-341,14-06-2022,Gaji,DA-4694,3317000,IDR
DT-300,19-03-2022,Pembelian,DA-5809,4515000,IDR
DT-683,18-08-2022,Penjualan,DA-2326,4140000,IDR
DT-201,12-09-2022,Pembelian,DA-5825,2005000,IDR
DT-777,04-03-2022,Penjualan,DA-4165,3856000,IDR
DT-487,10-03-2023,Gaji,DA-2608,1028000,IDR
DT-579,15-06-2023,Pembelian,DA-4944,4437000,IDR
DT-1367,18-02-2022,Penjualan,DA-4853,1087000,IDR
DT-679,23-02-2023,Gaji,DA-1845,3480000,IDR
DT-439,13-10-2023,Penjualan,DA-4936,3057000,IDR
DT-874,07-04-2022,Pembelian,DA-4996,3308000,IDR
DT-430,27-10-2022,Penjualan,DA-4742,505000,IDR
DT-562,03-02-2023,Gaji,DA-4131,4090000,IDR
DT-735,18-05-2023,Pembelian,DA-2745,1223000,IDR
DT-1384,20-08-2023,Pembelian,DA-4229,905000,IDR
DT-420,09-05-2023,Pembelian,DA-2618,2832000,IDR
DT-171,10-05-2023,Gaji,DA-5363,4135000,IDR
DT-568,29-11-2022,Gaji,DA-1136,4470000,IDR
DT-1235,10-11-2023,Penjualan,DA-1596,2480000,IDR
DT-213,27-06-2023,Gaji,DA-2329,2742000,IDR
DT-1142,20-08-2022,Gaji,DA-2815,2985000,IDR
DT-1257,18-11-2022,Pembelian,DA-2132,3085000,IDR
DT-1210,23-06-2022,Pembelian,DA-3587,1936000,IDR
DT-1109,19-10-2022,Pembelian,DA-5081,1381000,IDR
DT-806,22-10-2023,Gaji,DA-2928,2040000,IDR
DT-1230,21-08-2022,Penjualan,DA-1716,3526000,IDR
DT-574,21-04-2023,Pembelian,DA-3944,789000,IDR
DT-538,14-01-2023,Gaji,DA-1551,3201000,IDR
DT-1003,22-01-2023,Penjualan,DA-1055,340000,IDR
DT-1226,03-03-2023,Penjualan,DA-4048,2063000,IDR
DT-1360,23-07-2022,Gaji,DA-3559,3378000,IDR
DT-798,21-10-2023,Penjualan,DA-4120,1879000,IDR
DT-866,03-06-2022,Penjualan,DA-3566,584000,IDR
DT-977,24-05-2022,Penjualan,DA-4073,1330000,IDR
DT-1024,02-05-2022,Penjualan,DA-1366,1314000,IDR
DT-379,18-04-2023,Gaji,DA-1854,79000,IDR
DT-1179,22-06-2022,Pembelian,DA-5938,1119000,IDR
DT-368,25-03-2023,Penjualan,DA-3618,1265000,IDR
DT-466,21-12-2023,Penjualan,DA-1668,4980000,IDR
DT-299,07-03-2022,Gaji,DA-4333,680000,IDR
DT-900,12-11-2022,Pembelian,DA-5936,2859000,IDR
DT-610,25-12-2023,Gaji,DA-3382,395000,IDR
DT-1073,31-10-2022,Penjualan,DA-5146,897000,IDR
DT-1351,15-09-2023,Gaji,DA-1865,1095000,IDR
DT-1194,06-10-2022,Penjualan,DA-2859,3929000,IDR
DT-168,10-05-2023,Penjualan,DA-4990,614000,IDR
DT-1034,29-12-2022,Gaji,DA-2949,346000,IDR
DT-187,26-02-2023,Penjualan,DA-1706,1941000,IDR
DT-238,30-06-2022,Penjualan,DA-4801,102000,IDR
DT-1399,28-04-2022,Penjualan,DA-4644,283000,IDR
DT-491,26-05-2023,Pembelian,DA-2468,3694000,IDR
DT-381,25-01-2023,Gaji,DA-5552,2787000,IDR
DT-1339,14-09-2023,Pembelian,DA-4731,2551000,IDR
DT-1045,18-01-2022,Pembelian,DA-5503,2325000,IDR
DT-410,21-04-2022,Penjualan,DA-3990,3008000,IDR
DT-315,16-06-2023,Gaji,DA-2409,2848000,IDR
DT-322,27-11-2022,Pembelian,DA-2586,337000,IDR
DT-941,27-10-2023,Pembelian,DA-3920,2662000,IDR
DT-1312,15-12-2023,Gaji,DA-3062,1465000,IDR
DT-294,07-11-2022,Pembelian,DA-4952,2051000,IDR
DT-1338,16-11-2023,Pembelian,DA-1270,1069000,IDR
DT-283,02-01-2023,Gaji,DA-1649,130000,IDR
DT-952,09-04-2023,Penjualan,DA-4141,214000,IDR
DT-306,17-12-2022,Gaji,DA-4734,2958000,IDR
DT-455,14-10-2023,Penjualan,DA-2961,571000,IDR
DT-1365,24-05-2022,Penjualan,DA-3447,291000,IDR
DT-1320,23-10-2022,Gaji,DA-5460,1327000,IDR
DT-121,08-06-2023,Pembelian,DA-3094,4526000,IDR
DT-475,01-09-2022,Gaji,DA-2903,4590000,IDR
DT-975,10-02-2022,Pembelian,DA-3178,2671000,IDR
DT-730,07-10-2023,Pembelian,DA-2868,4566000,IDR
DT-1117,18-02-2023,Pembelian,DA-2807,418000,IDR
DT-1029,10-05-2022,Penjualan,DA-2662,70000,IDR
DT-520,10-07-2022,Pembelian,DA-5968,379000,IDR
DT-1171,13-02-2022,Penjualan,DA-5471,3776000,IDR
DT-360,26-05-2022,Gaji,DA-1943,695000,IDR
DT-753,23-09-2023,Gaji,DA-4995,3541000,IDR
DT-1086,11-06-2023,Pembelian,DA-4451,4753000,IDR
DT-617,07-11-2023,Pembelian,DA-2147,1686000,IDR
DT-544,28-03-2023,Gaji,DA-3484,2614000,IDR
DT-239,28-04-2023,Penjualan,DA-3779,4152000,IDR
DT-237,17-07-2023,Pembelian,DA-1880,4764000,IDR
DT-1070,22-04-2022,Pembelian,DA-2010,4233000,IDR
DT-335,10-06-2022,Penjualan,DA-4928,3125000,IDR
DT-548,05-05-2022,Pembelian,DA-3751,2167000,IDR
DT-1124,12-11-2022,Pembelian,DA-5632,2859000,IDR
DT-1282,05-02-2022,Penjualan,DA-1975,2322000,IDR
DT-631,11-02-2022,Gaji,DA-5732,1242000,IDR